word,tags1
가게,TOPIK 1
가격,TOPIK 1
가구,TOPIK 1
가깝다,TOPIK 1
가끔,TOPIK 1
가늘다,TOPIK 1
가다,TOPIK 1
가득,TOPIK 1
가르치다,TOPIK 1
가리키다,TOPIK 1
가방,TOPIK 1
가볍다,TOPIK 1
가수,TOPIK 1
가슴,TOPIK 1
가요,TOPIK 1
가운데,TOPIK 1
가위,TOPIK 1
가을,TOPIK 1
가져가다,TOPIK 1
가져오다,TOPIK 1
가족,TOPIK 1
가지다,TOPIK 1
각각,TOPIK 1
간단하다,TOPIK 1
간단히,TOPIK 1
간식,TOPIK 1
간장,TOPIK 1
간호사,TOPIK 1
갈비,TOPIK 1
갈비탕,TOPIK 1
갈색,TOPIK 1
갈아입다,TOPIK 1
갈아타다,TOPIK 1
감,TOPIK 1
감기,TOPIK 1
감기약,TOPIK 1
감사,TOPIK 1
감자,TOPIK 1
갑자기,TOPIK 1
값,TOPIK 1
강,TOPIK 1
강아지,TOPIK 1
강하다,TOPIK 1
갖다,TOPIK 1
같다,TOPIK 1
같이,TOPIK 1
갚다,TOPIK 1
개,TOPIK 1
개월,TOPIK 1
거,TOPIK 1
거기,TOPIK 1
거리,TOPIK 1
거실,TOPIK 1
거울,TOPIK 1
거의,TOPIK 1
거절,TOPIK 1
거짓말,TOPIK 1
걱정,TOPIK 1
건강,TOPIK 1
건너가다,TOPIK 1
건너다,TOPIK 1
건너편,TOPIK 1
건물,TOPIK 1
걸다,TOPIK 1
걸리다,TOPIK 1
걸어가다,TOPIK 1
걸어오다,TOPIK 1
걸음,TOPIK 1
검은색,TOPIK 1
검정,TOPIK 1
것,TOPIK 1
겉,TOPIK 1
게으르다,TOPIK 1
게임,TOPIK 1
겨울,TOPIK 1
결과,TOPIK 1
결석,TOPIK 1
결심,TOPIK 1
결정,TOPIK 1
결혼,TOPIK 1
결혼식,TOPIK 1
경찰,TOPIK 1
경찰서,TOPIK 1
경치,TOPIK 1
경험,TOPIK 1
계단,TOPIK 1
계란,TOPIK 1
계산,TOPIK 1
계속,TOPIK 1
계시다,TOPIK 1
계절,TOPIK 1
계획,TOPIK 1
고개,TOPIK 1
고기,TOPIK 1
고등학교,TOPIK 1
고등학생,TOPIK 1
고르다,TOPIK 1
고맙다,TOPIK 1
고모,TOPIK 1
고민,TOPIK 1
고속버스,TOPIK 1
고양이,TOPIK 1
고추장,TOPIK 1
고치다,TOPIK 1
고프다,TOPIK 1
고향,TOPIK 1
곧,TOPIK 1
곳,TOPIK 1
공,TOPIK 1
공무원,TOPIK 1
공부,TOPIK 1
공원,TOPIK 1
공장,TOPIK 1
공짜,TOPIK 1
공책,TOPIK 1
공항,TOPIK 1
공휴일,TOPIK 1
과거,TOPIK 1
과일,TOPIK 1
과자,TOPIK 1
관계,TOPIK 1
관광,TOPIK 1
관광객,TOPIK 1
관광지,TOPIK 1
관심,TOPIK 1
광고,TOPIK 1
광주,TOPIK 1
괜찮다,TOPIK 1
괴로워하다,TOPIK 1
교과서,TOPIK 1
교사,TOPIK 1
교수,TOPIK 1
교실,TOPIK 1
교육,TOPIK 1
교통,TOPIK 1
교통비,TOPIK 1
교통사고,TOPIK 1
교환,TOPIK 1
교회,TOPIK 1
구경,TOPIK 1
구두,TOPIK 1
구름,TOPIK 1
구십,TOPIK 1
구월,TOPIK 1
국,TOPIK 1
국내,TOPIK 1
국수,TOPIK 1
국적,TOPIK 1
국제,TOPIK 1
군인,TOPIK 1
굳다,TOPIK 1
굵다,TOPIK 1
굽다,TOPIK 1
궁금하다,TOPIK 1
권,TOPIK 1
귀,TOPIK 1
귀걸이,TOPIK 1
귀여워하다,TOPIK 1
귀엽다,TOPIK 1
귀찮다,TOPIK 1
규칙,TOPIK 1
귤,TOPIK 1
그,TOPIK 1
그거,TOPIK 1
그것,TOPIK 1
그곳,TOPIK 1
그날,TOPIK 1
그냥,TOPIK 1
그대로,TOPIK 1
그동안,TOPIK 1
그때,TOPIK 1
그래,TOPIK 1
그래서,TOPIK 1
그러나,TOPIK 1
그러니까,TOPIK 1
그러면,TOPIK 1
그러므로,TOPIK 1
그런,TOPIK 1
그런데,TOPIK 1
그럼,TOPIK 1
그럼,TOPIK 1
그렇다,TOPIK 1
그렇지만,TOPIK 1
그릇,TOPIK 1
그리고,TOPIK 1
그리다,TOPIK 1
그림,TOPIK 1
그립다,TOPIK 1
그만,TOPIK 1
그만두다,TOPIK 1
그분,TOPIK 1
그저께,TOPIK 1
그쪽,TOPIK 1
그치다,TOPIK 1
극장,TOPIK 1
근처,TOPIK 1
글,TOPIK 1
글쎄,TOPIK 1
글쎄요,TOPIK 1
글씨,TOPIK 1
글자,TOPIK 1
금방,TOPIK 1
금요일,TOPIK 1
금지,TOPIK 1
급하다,TOPIK 1
기간,TOPIK 1
기다리다,TOPIK 1
기르다,TOPIK 1
기름,TOPIK 1
기말시험,TOPIK 1
기분,TOPIK 1
기뻐하다,TOPIK 1
기쁘다,TOPIK 1
기쁨,TOPIK 1
기숙사,TOPIK 1
기억,TOPIK 1
기억나다,TOPIK 1
기온,TOPIK 1
기자,TOPIK 1
기차,TOPIK 1
기차역,TOPIK 1
기차표,TOPIK 1
기침,TOPIK 1
기회,TOPIK 1
긴장,TOPIK 1
길,TOPIK 1
길이,TOPIK 1
김,TOPIK 1
김밥,TOPIK 1
김치,TOPIK 1
김치찌개,TOPIK 1
깊다,TOPIK 1
까만색,TOPIK 1
까맣다,TOPIK 1
깎다,TOPIK 1
깜짝,TOPIK 1
깨끗이,TOPIK 1
깨끗하다,TOPIK 1
꺼내다,TOPIK 1
껌,TOPIK 1
꽃,TOPIK 1
꽃다발,TOPIK 1
꽃병,TOPIK 1
꽃집,TOPIK 1
꿈,TOPIK 1
끄다,TOPIK 1
끊다,TOPIK 1
끓다,TOPIK 1
끓이다,TOPIK 1
끝,TOPIK 1
끝나다,TOPIK 1
끝내다,TOPIK 1
나,TOPIK 1
나가다,TOPIK 1
나누다,TOPIK 1
나다,TOPIK 1
나라,TOPIK 1
나머지,TOPIK 1
나무,TOPIK 1
나쁘다,TOPIK 1
나오다,TOPIK 1
나이,TOPIK 1
나중,TOPIK 1
나타나다,TOPIK 1
나흘,TOPIK 1
낚시,TOPIK 1
날,TOPIK 1
날다,TOPIK 1
날씨,TOPIK 1
날씬하다,TOPIK 1
날아다니다,TOPIK 1
날짜,TOPIK 1
남,TOPIK 1
남기다,TOPIK 1
남녀,TOPIK 1
남다,TOPIK 1
남대문,TOPIK 1
남동생,TOPIK 1
남산,TOPIK 1
남성,TOPIK 1
남자,TOPIK 1
남쪽,TOPIK 1
남편,TOPIK 1
남학생,TOPIK 1
낫다,TOPIK 1
낮,TOPIK 1
낮다,TOPIK 1
낮잠,TOPIK 1
내과,TOPIK 1
내년,TOPIK 1
내다,TOPIK 1
내려가다,TOPIK 1
내려오다,TOPIK 1
내리다,TOPIK 1
내용,TOPIK 1
내일,TOPIK 1
냄비,TOPIK 1
냄새,TOPIK 1
냉면,TOPIK 1
냉장고,TOPIK 1
너,TOPIK 1
너무,TOPIK 1
너희,TOPIK 1
넓다,TOPIK 1
넘다,TOPIK 1
넘어지다,TOPIK 1
넣다,TOPIK 1
네,TOPIK 1
넥타이,TOPIK 1
넷,TOPIK 1
넷째,TOPIK 1
년,TOPIK 1
노란색,TOPIK 1
노랗다,TOPIK 1
노래,TOPIK 1
노래방,TOPIK 1
노력,TOPIK 1
노인,TOPIK 1
노트,TOPIK 1
녹색,TOPIK 1
녹차,TOPIK 1
놀다,TOPIK 1
놀라다,TOPIK 1
놀이,TOPIK 1
농구,TOPIK 1
농담,TOPIK 1
높다,TOPIK 1
높이,TOPIK 1
놓다,TOPIK 1
누구,TOPIK 1
누나,TOPIK 1
누르다,TOPIK 1
눈,TOPIK 1
눈물,TOPIK 1
눕다,TOPIK 1
뉴스,TOPIK 1
느끼다,TOPIK 1
느낌,TOPIK 1
느리다,TOPIK 1
늘,TOPIK 1
늘다,TOPIK 1
늙다,TOPIK 1
능력,TOPIK 1
늦다,TOPIK 1
다,TOPIK 1
다녀오다,TOPIK 1
다니다,TOPIK 1
다르다,TOPIK 1
다른,TOPIK 1
다리,TOPIK 1
다림질,TOPIK 1
다섯,TOPIK 1
다섯째,TOPIK 1
다시,TOPIK 1
다양,TOPIK 1
다음,TOPIK 1
다음날,TOPIK 1
다이어트,TOPIK 1
다치다,TOPIK 1
다하다,TOPIK 1
닦다,TOPIK 1
단순,TOPIK 1
단어,TOPIK 1
단추,TOPIK 1
단풍,TOPIK 1
닫다,TOPIK 1
달,TOPIK 1
달걀,TOPIK 1
달력,TOPIK 1
달리기,TOPIK 1
닭,TOPIK 1
닭고기,TOPIK 1
닮다,TOPIK 1
담배,TOPIK 1
답,TOPIK 1
답답하다,TOPIK 1
답장,TOPIK 1
대구,TOPIK 1
대답,TOPIK 1
대부분,TOPIK 1
대사관,TOPIK 1
대전,TOPIK 1
대학,TOPIK 1
대학교,TOPIK 1
대학생,TOPIK 1
대학원,TOPIK 1
대화,TOPIK 1
대회,TOPIK 1
댁,TOPIK 1
더,TOPIK 1
더럽다,TOPIK 1
더욱,TOPIK 1
덕분,TOPIK 1
던지다,TOPIK 1
덥다,TOPIK 1
데려가다,TOPIK 1
데려오다,TOPIK 1
데이트,TOPIK 1
도서관,TOPIK 1
도시,TOPIK 1
도와주다,TOPIK 1
도움,TOPIK 1
도착,TOPIK 1
독서,TOPIK 1
독일,TOPIK 1
돈,TOPIK 1
돈가스,TOPIK 1
돌,TOPIK 1
돌다,TOPIK 1
돌려주다,TOPIK 1
돌리다,TOPIK 1
돌아가다,TOPIK 1
돌아오다,TOPIK 1
돕다,TOPIK 1
동네,TOPIK 1
동대문,TOPIK 1
동물,TOPIK 1
동물원,TOPIK 1
동생,TOPIK 1
동시,TOPIK 1
동안,TOPIK 1
동전,TOPIK 1
동쪽,TOPIK 1
돼지,TOPIK 1
돼지고기,TOPIK 1
되다,TOPIK 1
-되다,TOPIK 1
된장,TOPIK 1
된장찌개,TOPIK 1
두,TOPIK 1
두껍다,TOPIK 1
두다,TOPIK 1
두부,TOPIK 1
두세,TOPIK 1
두통,TOPIK 1
둘,TOPIK 1
둘째,TOPIK 1
뒤,TOPIK 1
뒤쪽,TOPIK 1
드디어,TOPIK 1
드라마,TOPIK 1
드리다,TOPIK 1
듣다,TOPIK 1
들다,TOPIK 1
들르다,TOPIK 1
들어가다,TOPIK 1
들어오다,TOPIK 1
등산,TOPIK 1
디자인,TOPIK 1
따뜻하다,TOPIK 1
따로,TOPIK 1
딸,TOPIK 1
딸기,TOPIK 1
땀,TOPIK 1
땅,TOPIK 1
떠나다,TOPIK 1
떠들다,TOPIK 1
떡,TOPIK 1
떡국,TOPIK 1
떡볶이,TOPIK 1
떨어지다,TOPIK 1
또,TOPIK 1
또는,TOPIK 1
똑같다,TOPIK 1
똑같이,TOPIK 1
똑똑하다,TOPIK 1
똑바로,TOPIK 1
뚱뚱하다,TOPIK 1
뛰어가다,TOPIK 1
뜨겁다,TOPIK 1
뜻,TOPIK 1
라디오,TOPIK 1
라면,TOPIK 1
러시아,TOPIK 1
레스토랑,TOPIK 1
마당,TOPIK 1
마르다,TOPIK 1
마리,TOPIK 1
마시다,TOPIK 1
마을,TOPIK 1
마음,TOPIK 1
마중,TOPIK 1
마지막,TOPIK 1
마치다,TOPIK 1
마트,TOPIK 1
마흔,TOPIK 1
막걸리,TOPIK 1
막히다,TOPIK 1
만,TOPIK 1
만나다,TOPIK 1
만두,TOPIK 1
만들다,TOPIK 1
만약,TOPIK 1
만일,TOPIK 1
만지다,TOPIK 1
만화,TOPIK 1
많다,TOPIK 1
많이,TOPIK 1
말,TOPIK 1
말,TOPIK 1
말레이시아,TOPIK 1
말씀,TOPIK 1
맑다,TOPIK 1
맛,TOPIK 1
맛없다,TOPIK 1
맛있다,TOPIK 1
맞추다,TOPIK 1
매년,TOPIK 1
매다,TOPIK 1
매달,TOPIK 1
매우,TOPIK 1
매일,TOPIK 1
매주,TOPIK 1
매표소,TOPIK 1
맥주,TOPIK 1
맵다,TOPIK 1
머리,TOPIK 1
머리카락,TOPIK 1
먹다,TOPIK 1
먼저,TOPIK 1
멀다,TOPIK 1
멀리,TOPIK 1
멈추다,TOPIK 1
멋,TOPIK 1
멋있다,TOPIK 1
메뉴,TOPIK 1
메다,TOPIK 1
메모,TOPIK 1
메시지,TOPIK 1
메일,TOPIK 1
며칠,TOPIK 1
명절,TOPIK 1
몇,TOPIK 1
모기,TOPIK 1
모두,TOPIK 1
모든,TOPIK 1
모레,TOPIK 1
모르다,TOPIK 1
모습,TOPIK 1
모시다,TOPIK 1
모양,TOPIK 1
모으다,TOPIK 1
모이다,TOPIK 1
모임,TOPIK 1
모자라다,TOPIK 1
목,TOPIK 1
목걸이,TOPIK 1
목도리,TOPIK 1
목소리,TOPIK 1
목요일,TOPIK 1
목욕,TOPIK 1
목욕탕,TOPIK 1
목적,TOPIK 1
몸,TOPIK 1
못생기다,TOPIK 1
못하다,TOPIK 1
몽골,TOPIK 1
무,TOPIK 1
무겁다,TOPIK 1
무게,TOPIK 1
무궁화,TOPIK 1
무료,TOPIK 1
무릎,TOPIK 1
무섭다,TOPIK 1
무슨,TOPIK 1
무엇,TOPIK 1
무척,TOPIK 1
문,TOPIK 1
문제,TOPIK 1
문화,TOPIK 1
물,TOPIK 1
물건,TOPIK 1
물고기,TOPIK 1
물론,TOPIK 1
물어보다,TOPIK 1
뭐,TOPIK 1
미국,TOPIK 1
미끄러지다,TOPIK 1
미래,TOPIK 1
미리,TOPIK 1
미술관,TOPIK 1
미안,TOPIK 1
미역국,TOPIK 1
미용실,TOPIK 1
미터,TOPIK 1
믿다,TOPIK 1
밀가루,TOPIK 1
밀다,TOPIK 1
밑,TOPIK 1
바깥,TOPIK 1
바깥쪽,TOPIK 1
바꾸다,TOPIK 1
바뀌다,TOPIK 1
바나나,TOPIK 1
바다,TOPIK 1
바닥,TOPIK 1
바닷가,TOPIK 1
바라다,TOPIK 1
바라보다,TOPIK 1
바로,TOPIK 1
바쁘다,TOPIK 1
바이올린,TOPIK 1
바지,TOPIK 1
박물관,TOPIK 1
박수,TOPIK 1
밖,TOPIK 1
반,TOPIK 1
반,TOPIK 1
반갑다,TOPIK 1
반대,TOPIK 1
반드시,TOPIK 1
반바지,TOPIK 1
반지,TOPIK 1
반찬,TOPIK 1
받다,TOPIK 1
받아쓰다,TOPIK 1
발,TOPIK 1
발가락,TOPIK 1
발바닥,TOPIK 1
밝다,TOPIK 1
밥,TOPIK 1
방,TOPIK 1
방금,TOPIK 1
방문,TOPIK 1
방법,TOPIK 1
방송,TOPIK 1
방송국,TOPIK 1
방학,TOPIK 1
방향,TOPIK 1
배,TOPIK 1
배달,TOPIK 1
배드민턴,TOPIK 1
배우,TOPIK 1
배우다,TOPIK 1
배추,TOPIK 1
배탈,TOPIK 1
백,TOPIK 1
백만,TOPIK 1
백화점,TOPIK 1
뱀,TOPIK 1
버릇,TOPIK 1
버리다,TOPIK 1
버스,TOPIK 1
번,TOPIK 1
번째,TOPIK 1
번호,TOPIK 1
벌,TOPIK 1
벌다,TOPIK 1
벌써,TOPIK 1
벗다,TOPIK 1
베트남,TOPIK 1
벽,TOPIK 1
변하다,TOPIK 1
변호사,TOPIK 1
별로,TOPIK 1
병,TOPIK 1
병문안,TOPIK 1
병원,TOPIK 1
보내다,TOPIK 1
보다,TOPIK 1
보라색,TOPIK 1
보이다,TOPIK 1
보통,TOPIK 1
복습,TOPIK 1
복잡하다,TOPIK 1
볶다,TOPIK 1
볶음밥,TOPIK 1
볼펜,TOPIK 1
봄,TOPIK 1
봉투,TOPIK 1
뵙다,TOPIK 1
부끄럽다,TOPIK 1
부드럽다,TOPIK 1
부럽다,TOPIK 1
부르다,TOPIK 1
부모님,TOPIK 1
부부,TOPIK 1
부분,TOPIK 1
부산,TOPIK 1
부엌,TOPIK 1
부장,TOPIK 1
부지런하다,TOPIK 1
부치다,TOPIK 1
부탁,TOPIK 1
북쪽,TOPIK 1
분,TOPIK 1
분,TOPIK 1
분명하다,TOPIK 1
분식,TOPIK 1
분위기,TOPIK 1
분홍색,TOPIK 1
불,TOPIK 1
불고기,TOPIK 1
불다,TOPIK 1
불쌍하다,TOPIK 1
불안,TOPIK 1
불편,TOPIK 1
붉다,TOPIK 1
붙다,TOPIK 1
붙이다,TOPIK 1
블라우스,TOPIK 1
비,TOPIK 1
비교,TOPIK 1
비누,TOPIK 1
비다,TOPIK 1
비디오,TOPIK 1
비밀,TOPIK 1
비빔밥,TOPIK 1
비슷하다,TOPIK 1
비싸다,TOPIK 1
비행기,TOPIK 1
빌딩,TOPIK 1
빌리다,TOPIK 1
빠르다,TOPIK 1
빨간색,TOPIK 1
빨갛다,TOPIK 1
빨래,TOPIK 1
빨리,TOPIK 1
빵,TOPIK 1
빵집,TOPIK 1
빼다,TOPIK 1
뽑다,TOPIK 1
사,TOPIK 1
사거리,TOPIK 1
사계절,TOPIK 1
사고,TOPIK 1
사귀다,TOPIK 1
사다,TOPIK 1
사람,TOPIK 1
사랑,TOPIK 1
사무실,TOPIK 1
사실,TOPIK 1
사십,TOPIK 1
사업,TOPIK 1
사용,TOPIK 1
사월,TOPIK 1
사이,TOPIK 1
사이다,TOPIK 1
사이즈,TOPIK 1
사장,TOPIK 1
사진,TOPIK 1
사탕,TOPIK 1
사흘,TOPIK 1
산,TOPIK 1
산책,TOPIK 1
살,TOPIK 1
살,TOPIK 1
살다,TOPIK 1
삼,TOPIK 1
삼거리,TOPIK 1
삼겹살,TOPIK 1
삼계탕,TOPIK 1
삼십,TOPIK 1
삼월,TOPIK 1
삼촌,TOPIK 1
상,TOPIK 1
상자,TOPIK 1
상처,TOPIK 1
상추,TOPIK 1
상품,TOPIK 1
새로,TOPIK 1
새롭다,TOPIK 1
새벽,TOPIK 1
새해,TOPIK 1
색,TOPIK 1
색깔,TOPIK 1
샌드위치,TOPIK 1
생각,TOPIK 1
생각나다,TOPIK 1
생기다,TOPIK 1
생선,TOPIK 1
생신,TOPIK 1
생일,TOPIK 1
생활,TOPIK 1
샤워,TOPIK 1
서너,TOPIK 1
서다,TOPIK 1
서두르다,TOPIK 1
서랍,TOPIK 1
서로,TOPIK 1
서류,TOPIK 1
서른,TOPIK 1
서비스,TOPIK 1
서양,TOPIK 1
서울,TOPIK 1
서점,TOPIK 1
서쪽,TOPIK 1
섞다,TOPIK 1
선물,TOPIK 1
선배,TOPIK 1
선생님,TOPIK 1
선선하다,TOPIK 1
선수,TOPIK 1
선택,TOPIK 1
선풍기,TOPIK 1
설거지,TOPIK 1
설날,TOPIK 1
설렁탕,TOPIK 1
설명,TOPIK 1
설탕,TOPIK 1
섬,TOPIK 1
섭섭하다,TOPIK 1
성,TOPIK 1
성격,TOPIK 1
성공,TOPIK 1
성적,TOPIK 1
성함,TOPIK 1
세,TOPIK 1
세계,TOPIK 1
세배,TOPIK 1
세상,TOPIK 1
세수,TOPIK 1
세우다,TOPIK 1
세탁,TOPIK 1
세탁기,TOPIK 1
세탁소,TOPIK 1
센터,TOPIK 1
센티미터,TOPIK 1
셋,TOPIK 1
셋째,TOPIK 1
소,TOPIK 1
소개,TOPIK 1
소고기,TOPIK 1
소금,TOPIK 1
소리,TOPIK 1
소설,TOPIK 1
소식,TOPIK 1
소주,TOPIK 1
소중하다,TOPIK 1
소파,TOPIK 1
소포,TOPIK 1
소풍,TOPIK 1
소화제,TOPIK 1
속,TOPIK 1
속도,TOPIK 1
속옷,TOPIK 1
손,TOPIK 1
손가락,TOPIK 1
손녀,TOPIK 1
손님,TOPIK 1
손바닥,TOPIK 1
손수건,TOPIK 1
송편,TOPIK 1
쇼핑,TOPIK 1
수건,TOPIK 1
수고,TOPIK 1
수박,TOPIK 1
수술,TOPIK 1
수업,TOPIK 1
수영,TOPIK 1
수영복,TOPIK 1
수영장,TOPIK 1
수요일,TOPIK 1
수저,TOPIK 1
수첩,TOPIK 1
숙제,TOPIK 1
순두부찌개,TOPIK 1
순서,TOPIK 1
숟가락,TOPIK 1
술,TOPIK 1
술집,TOPIK 1
숫자,TOPIK 1
쉰,TOPIK 1
쉽다,TOPIK 1
슈퍼마켓,TOPIK 1
스무,TOPIK 1
스물,TOPIK 1
스스로,TOPIK 1
스웨터,TOPIK 1
스카프,TOPIK 1
스케이트,TOPIK 1
스키,TOPIK 1
스키장,TOPIK 1
스타,TOPIK 1
스트레스,TOPIK 1
스파게티,TOPIK 1
스포츠,TOPIK 1
슬퍼하다,TOPIK 1
슬프다,TOPIK 1
슬픔,TOPIK 1
습관,TOPIK 1
시간,TOPIK 1
시간표,TOPIK 1
시계,TOPIK 1
시골,TOPIK 1
시끄럽다,TOPIK 1
시내,TOPIK 1
시다,TOPIK 1
시민,TOPIK 1
시어머니,TOPIK 1
시원하다,TOPIK 1
시월,TOPIK 1
시작,TOPIK 1
시키다,TOPIK 1
시험,TOPIK 1
식구,TOPIK 1
식다,TOPIK 1
식당,TOPIK 1
식빵,TOPIK 1
식사,TOPIK 1
식초,TOPIK 1
식탁,TOPIK 1
식품,TOPIK 1
신다,TOPIK 1
신랑,TOPIK 1
신문,TOPIK 1
신발,TOPIK 1
신분증,TOPIK 1
신선하다,TOPIK 1
신청,TOPIK 1
신호,TOPIK 1
신호등,TOPIK 1
신혼여행,TOPIK 1
싣다,TOPIK 1
실수,TOPIK 1
실패,TOPIK 1
싫다,TOPIK 1
싫어하다,TOPIK 1
심다,TOPIK 1
심심하다,TOPIK 1
심하다,TOPIK 1
십,TOPIK 1
십만,TOPIK 1
십이월,TOPIK 1
십일월,TOPIK 1
싱겁다,TOPIK 1
싸우다,TOPIK 1
쌀,TOPIK 1
쌀쌀하다,TOPIK 1
쌓다,TOPIK 1
썰다,TOPIK 1
쓰다,TOPIK 1
쓰레기,TOPIK 1
쓰레기통,TOPIK 1
씹다,TOPIK 1
씻다,TOPIK 1
아,TOPIK 1
아가씨,TOPIK 1
아기,TOPIK 1
아까,TOPIK 1
아나운서,TOPIK 1
아내,TOPIK 1
아니,TOPIK 1
아니다,TOPIK 1
아니요,TOPIK 1
아들,TOPIK 1
아래,TOPIK 1
아래쪽,TOPIK 1
아르바이트,TOPIK 1
아름답다,TOPIK 1
아마,TOPIK 1
아무,TOPIK 1
아무것,TOPIK 1
아무리,TOPIK 1
아버님,TOPIK 1
아버지,TOPIK 1
아빠,TOPIK 1
아이스크림,TOPIK 1
아저씨,TOPIK 1
아주,TOPIK 1
아주머니,TOPIK 1
아줌마,TOPIK 1
아직,TOPIK 1
아침,TOPIK 1
아파트,TOPIK 1
아프다,TOPIK 1
아홉,TOPIK 1
아흔,TOPIK 1
악기,TOPIK 1
안,TOPIK 1
안,TOPIK 1
안개,TOPIK 1
안경,TOPIK 1
안내,TOPIK 1
안내문,TOPIK 1
안녕,TOPIK 1
안녕히,TOPIK 1
안다,TOPIK 1
안전,TOPIK 1
안쪽,TOPIK 1
앉다,TOPIK 1
알다,TOPIK 1
알리다,TOPIK 1
알맞다,TOPIK 1
알아보다,TOPIK 1
앞,TOPIK 1
앞쪽,TOPIK 1
애인,TOPIK 1
앨범,TOPIK 1
야,TOPIK 1
야구,TOPIK 1
야채,TOPIK 1
약,TOPIK 1
약간,TOPIK 1
약국,TOPIK 1
약사,TOPIK 1
약속,TOPIK 1
약하다,TOPIK 1
얇다,TOPIK 1
양말,TOPIK 1
양복,TOPIK 1
양식집,TOPIK 1
양치질,TOPIK 1
얘기,TOPIK 1
어,TOPIK 1
어깨,TOPIK 1
어느,TOPIK 1
어둡다,TOPIK 1
어디,TOPIK 1
어떠하다,TOPIK 1
어떤,TOPIK 1
어떻다,TOPIK 1
어렵다,TOPIK 1
어른,TOPIK 1
어리다,TOPIK 1
어린아이,TOPIK 1
어린이,TOPIK 1
어머니,TOPIK 1
어머님,TOPIK 1
어서,TOPIK 1
어울리다,TOPIK 1
어제,TOPIK 1
어젯밤,TOPIK 1
억,TOPIK 1
언니,TOPIK 1
언어,TOPIK 1
언제,TOPIK 1
언제나,TOPIK 1
얻다,TOPIK 1
얼굴,TOPIK 1
얼다,TOPIK 1
얼마,TOPIK 1
얼마나,TOPIK 1
얼음,TOPIK 1
엄마,TOPIK 1
없다,TOPIK 1
엉덩이,TOPIK 1
에어컨,TOPIK 1
엘리베이터,TOPIK 1
여권,TOPIK 1
여기,TOPIK 1
여기저기,TOPIK 1
여덟,TOPIK 1
여동생,TOPIK 1
여든,TOPIK 1
여러,TOPIK 1
여러분,TOPIK 1
여름,TOPIK 1
여보세요,TOPIK 1
여섯,TOPIK 1
여성,TOPIK 1
여자,TOPIK 1
여쭙다,TOPIK 1
여학생,TOPIK 1
여행,TOPIK 1
여행사,TOPIK 1
여행지,TOPIK 1
역,TOPIK 1
역사,TOPIK 1
역시,TOPIK 1
연결,TOPIK 1
연극,TOPIK 1
연락,TOPIK 1
연락처,TOPIK 1
연말,TOPIK 1
연세,TOPIK 1
연습,TOPIK 1
연예인,TOPIK 1
연필,TOPIK 1
연휴,TOPIK 1
열,TOPIK 1
열,TOPIK 1
열다,TOPIK 1
열쇠,TOPIK 1
열심히,TOPIK 1
열차,TOPIK 1
열흘,TOPIK 1
엽서,TOPIK 1
영,TOPIK 1
영국,TOPIK 1
영수증,TOPIK 1
영어,TOPIK 1
영하,TOPIK 1
영화,TOPIK 1
영화관,TOPIK 1
영화배우,TOPIK 1
옆,TOPIK 1
옆집,TOPIK 1
예매,TOPIK 1
예쁘다,TOPIK 1
예순,TOPIK 1
예술,TOPIK 1
예습,TOPIK 1
예약,TOPIK 1
옛,TOPIK 1
옛날,TOPIK 1
오늘,TOPIK 1
오다,TOPIK 1
오래,TOPIK 1
오래간만,TOPIK 1
오래되다,TOPIK 1
오랜만,TOPIK 1
오랫동안,TOPIK 1
오렌지,TOPIK 1
오르다,TOPIK 1
오른손,TOPIK 1
오른쪽,TOPIK 1
오빠,TOPIK 1
오십,TOPIK 1
오월,TOPIK 1
오이,TOPIK 1
오전,TOPIK 1
오후,TOPIK 1
온도,TOPIK 1
올라가다,TOPIK 1
올라오다,TOPIK 1
올리다,TOPIK 1
올림,TOPIK 1
올림픽,TOPIK 1
올해,TOPIK 1
옳다,TOPIK 1
옷,TOPIK 1
옷걸이,TOPIK 1
옷장,TOPIK 1
와,TOPIK 1
와이셔츠,TOPIK 1
완전히,TOPIK 1
왕,TOPIK 1
왜,TOPIK 1
왜냐하면,TOPIK 1
외국,TOPIK 1
외국어,TOPIK 1
외국인,TOPIK 1
외롭다,TOPIK 1
외우다,TOPIK 1
외출,TOPIK 1
왼손,TOPIK 1
왼쪽,TOPIK 1
요금,TOPIK 1
요리,TOPIK 1
요리사,TOPIK 1
요일,TOPIK 1
요즘,TOPIK 1
우동,TOPIK 1
우리,TOPIK 1
우리나라,TOPIK 1
우산,TOPIK 1
우유,TOPIK 1
우체국,TOPIK 1
우표,TOPIK 1
운동,TOPIK 1
운동복,TOPIK 1
운동장,TOPIK 1
운동화,TOPIK 1
운전,TOPIK 1
운전사,TOPIK 1
울다,TOPIK 1
울산,TOPIK 1
울음,TOPIK 1
움직이다,TOPIK 1
웃다,TOPIK 1
웃음,TOPIK 1
원,TOPIK 1
원피스,TOPIK 1
원하다,TOPIK 1
월급,TOPIK 1
월요일,TOPIK 1
위쪽,TOPIK 1
위치,TOPIK 1
위험,TOPIK 1
유명,TOPIK 1
유월,TOPIK 1
유치원,TOPIK 1
유학,TOPIK 1
유학생,TOPIK 1
유행,TOPIK 1
육,TOPIK 1
육교,TOPIK 1
육십,TOPIK 1
윷놀이,TOPIK 1
은행,TOPIK 1
음,TOPIK 1
음료,TOPIK 1
음료수,TOPIK 1
음식,TOPIK 1
음식점,TOPIK 1
음악,TOPIK 1
음악가,TOPIK 1
응,TOPIK 1
의미,TOPIK 1
의자,TOPIK 1
이,TOPIK 1
이거,TOPIK 1
이것,TOPIK 1
이곳,TOPIK 1
이기다,TOPIK 1
이날,TOPIK 1
이다,TOPIK 1
이따가,TOPIK 1
이때,TOPIK 1
이런,TOPIK 1
이렇다,TOPIK 1
이름,TOPIK 1
이마,TOPIK 1
이모,TOPIK 1
이미,TOPIK 1
이번,TOPIK 1
이분,TOPIK 1
이불,TOPIK 1
이사,TOPIK 1
이삿짐,TOPIK 1
이상,TOPIK 1
이십,TOPIK 1
이야기,TOPIK 1
이용,TOPIK 1
이웃,TOPIK 1
이월,TOPIK 1
이유,TOPIK 1
이제,TOPIK 1
이쪽,TOPIK 1
이틀,TOPIK 1
이해,TOPIK 1
이후,TOPIK 1
익숙하다,TOPIK 1
인기,TOPIK 1
인도네시아,TOPIK 1
인분,TOPIK 1
인사,TOPIK 1
인삼,TOPIK 1
인정받다,TOPIK 1
인천,TOPIK 1
인터넷,TOPIK 1
인형,TOPIK 1
일곱,TOPIK 1
일기,TOPIK 1
일본,TOPIK 1
일부,TOPIK 1
일식,TOPIK 1
일식집,TOPIK 1
일어나다,TOPIK 1
일어서다,TOPIK 1
일요일,TOPIK 1
일월,TOPIK 1
일주일,TOPIK 1
일찍,TOPIK 1
일흔,TOPIK 1
읽다,TOPIK 1
잃다,TOPIK 1
잃어버리다,TOPIK 1
입,TOPIK 1
입구,TOPIK 1
입다,TOPIK 1
입술,TOPIK 1
입원,TOPIK 1
입장권,TOPIK 1
입학,TOPIK 1
입학시험,TOPIK 1
있다,TOPIK 1
잊다,TOPIK 1
잊어버리다,TOPIK 1
잎,TOPIK 1
자기소개,TOPIK 1
자꾸,TOPIK 1
자다,TOPIK 1
자동차,TOPIK 1
자동판매기,TOPIK 1
자라다,TOPIK 1
자랑,TOPIK 1
자르다,TOPIK 1
자세히,TOPIK 1
자식,TOPIK 1
자연,TOPIK 1
자유,TOPIK 1
자장면,TOPIK 1
자전거,TOPIK 1
자주,TOPIK 1
자판기,TOPIK 1
작년,TOPIK 1
작다,TOPIK 1
잔,TOPIK 1
잔치,TOPIK 1
잘,TOPIK 1
잘되다,TOPIK 1
잘못,TOPIK 1
잘못되다,TOPIK 1
잘못하다,TOPIK 1
잘생기다,TOPIK 1
잘하다,TOPIK 1
잠,TOPIK 1
잠깐,TOPIK 1
잠시,TOPIK 1
잠자다,TOPIK 1
잡다,TOPIK 1
잡수시다,TOPIK 1
잡지,TOPIK 1
잡채,TOPIK 1
장,TOPIK 1
장갑,TOPIK 1
장난감,TOPIK 1
장마,TOPIK 1
장미,TOPIK 1
장소,TOPIK 1
재료,TOPIK 1
재미,TOPIK 1
재미없다,TOPIK 1
재미있다,TOPIK 1
재채기,TOPIK 1
저,TOPIK 1
저거,TOPIK 1
저것,TOPIK 1
저곳,TOPIK 1
저금,TOPIK 1
저녁,TOPIK 1
저런,TOPIK 1
저렇다,TOPIK 1
저번,TOPIK 1
저분,TOPIK 1
저쪽,TOPIK 1
저희,TOPIK 1
적다,TOPIK 1
적당하다,TOPIK 1
전,TOPIK 1
전,TOPIK 1
전공,TOPIK 1
전기,TOPIK 1
전부,TOPIK 1
전철,TOPIK 1
전체,TOPIK 1
전하다,TOPIK 1
전혀,TOPIK 1
전화,TOPIK 1
전화기,TOPIK 1
전화번호,TOPIK 1
젊다,TOPIK 1
점수,TOPIK 1
점심,TOPIK 1
점심때,TOPIK 1
점심시간,TOPIK 1
점점,TOPIK 1
접다,TOPIK 1
접시,TOPIK 1
젓가락,TOPIK 1
정거장,TOPIK 1
정도,TOPIK 1
정류장,TOPIK 1
정리,TOPIK 1
정말,TOPIK 1
정문,TOPIK 1
정신없이,TOPIK 1
정하다,TOPIK 1
정형외과,TOPIK 1
정확,TOPIK 1
젖다,TOPIK 1
제목,TOPIK 1
제일,TOPIK 1
제주도,TOPIK 1
조금,TOPIK 1
조금씩,TOPIK 1
조심,TOPIK 1
조용하다,TOPIK 1
조용히,TOPIK 1
조카,TOPIK 1
졸다,TOPIK 1
졸업,TOPIK 1
좀,TOPIK 1
좁다,TOPIK 1
종류,TOPIK 1
종업원,TOPIK 1
종이,TOPIK 1
좋다,TOPIK 1
좋아하다,TOPIK 1
죄송하다,TOPIK 1
주,TOPIK 1
주다,TOPIK 1
주로,TOPIK 1
주말,TOPIK 1
주머니,TOPIK 1
주무시다,TOPIK 1
주문,TOPIK 1
주변,TOPIK 1
주부,TOPIK 1
주사,TOPIK 1
주소,TOPIK 1
주스,TOPIK 1
주위,TOPIK 1
주인,TOPIK 1
주일,TOPIK 1
주차,TOPIK 1
주차장,TOPIK 1
주황색,TOPIK 1
죽다,TOPIK 1
준비,TOPIK 1
줄,TOPIK 1
줄다,TOPIK 1
줄이다,TOPIK 1
줍다,TOPIK 1
중간,TOPIK 1
중국,TOPIK 1
중국집,TOPIK 1
중심,TOPIK 1
중앙,TOPIK 1
중요,TOPIK 1
중학교,TOPIK 1
중학생,TOPIK 1
즐거워하다,TOPIK 1
즐겁다,TOPIK 1
즐기다,TOPIK 1
지갑,TOPIK 1
지금,TOPIK 1
지나가다,TOPIK 1
지나다,TOPIK 1
지난달,TOPIK 1
지난번,TOPIK 1
지난주,TOPIK 1
지난해,TOPIK 1
지내다,TOPIK 1
지루하다,TOPIK 1
지르다,TOPIK 1
지우개,TOPIK 1
지우다,TOPIK 1
지키다,TOPIK 1
지하,TOPIK 1
지하도,TOPIK 1
지하철,TOPIK 1
지하철역,TOPIK 1
직업,TOPIK 1
직원,TOPIK 1
직장,TOPIK 1
직접,TOPIK 1
진짜,TOPIK 1
진하다,TOPIK 1
질문,TOPIK 1
짐,TOPIK 1
집,TOPIK 1
집들이,TOPIK 1
집안일,TOPIK 1
짓다,TOPIK 1
짜증,TOPIK 1
짝,TOPIK 1
짧다,TOPIK 1
짬뽕,TOPIK 1
찌개,TOPIK 1
찌다,TOPIK 1
차,TOPIK 1
차갑다,TOPIK 1
차다,TOPIK 1
차례,TOPIK 1
착하다,TOPIK 1
찬물,TOPIK 1
참,TOPIK 1
참다,TOPIK 1
참외,TOPIK 1
창문,TOPIK 1
찾다,TOPIK 1
찾아가다,TOPIK 1
찾아보다,TOPIK 1
찾아오다,TOPIK 1
채소,TOPIK 1
책,TOPIK 1
책상,TOPIK 1
책장,TOPIK 1
처음,TOPIK 1
천,TOPIK 1
천만,TOPIK 1
천천히,TOPIK 1
첫,TOPIK 1
첫날,TOPIK 1
첫째,TOPIK 1
청년,TOPIK 1
청바지,TOPIK 1
청소,TOPIK 1
청소년,TOPIK 1
체육관,TOPIK 1
체크무늬,TOPIK 1
쳐다보다,TOPIK 1
초,TOPIK 1
초대,TOPIK 1
초대장,TOPIK 1
초등학교,TOPIK 1
초등학생,TOPIK 1
초록색,TOPIK 1
초콜릿,TOPIK 1
최고,TOPIK 1
최근,TOPIK 1
추다,TOPIK 1
추석,TOPIK 1
축구,TOPIK 1
축구공,TOPIK 1
축하,TOPIK 1
출구,TOPIK 1
출근,TOPIK 1
출발,TOPIK 1
출석,TOPIK 1
출입,TOPIK 1
출입국,TOPIK 1
출장,TOPIK 1
출퇴근,TOPIK 1
춤,TOPIK 1
춤추다,TOPIK 1
춥다,TOPIK 1
충분하다,TOPIK 1
취미,TOPIK 1
취소,TOPIK 1
취직,TOPIK 1
층,TOPIK 1
치과,TOPIK 1
치료,TOPIK 1
치마,TOPIK 1
치약,TOPIK 1
치킨,TOPIK 1
친구,TOPIK 1
친절,TOPIK 1
친척,TOPIK 1
친하다,TOPIK 1
칠,TOPIK 1
칠십,TOPIK 1
칠월,TOPIK 1
칠판,TOPIK 1
침대,TOPIK 1
침실,TOPIK 1
칫솔,TOPIK 1
칭찬,TOPIK 1
카드,TOPIK 1
카레,TOPIK 1
카메라,TOPIK 1
카페,TOPIK 1
칼,TOPIK 1
칼국수,TOPIK 1
캐나다,TOPIK 1
커피,TOPIK 1
커피숍,TOPIK 1
컴퓨터,TOPIK 1
컵,TOPIK 1
케이크,TOPIK 1
켜다,TOPIK 1
켤레,TOPIK 1
코,TOPIK 1
코끼리,TOPIK 1
콘서트,TOPIK 1
콜라,TOPIK 1
콧물,TOPIK 1
콩,TOPIK 1
크기,TOPIK 1
크다,TOPIK 1
크리스마스,TOPIK 1
큰소리,TOPIK 1
키우다,TOPIK 1
킬로그램,TOPIK 1
킬로미터,TOPIK 1
탁구,TOPIK 1
탕수육,TOPIK 1
태국,TOPIK 1
태권도,TOPIK 1
태극기,TOPIK 1
태도,TOPIK 1
태어나다,TOPIK 1
태풍,TOPIK 1
택배,TOPIK 1
택시,TOPIK 1
터미널,TOPIK 1
테니스,TOPIK 1
테니스장,TOPIK 1
테이블,TOPIK 1
텔레비전,TOPIK 1
토끼,TOPIK 1
토마토,TOPIK 1
토요일,TOPIK 1
통장,TOPIK 1
통화,TOPIK 1
퇴근,TOPIK 1
퇴원,TOPIK 1
튀기다,TOPIK 1
튀김,TOPIK 1
트럭,TOPIK 1
특별하다,TOPIK 1
특별히,TOPIK 1
특히,TOPIK 1
튼튼하다,TOPIK 1
틀다,TOPIK 1
틀리다,TOPIK 1
티셔츠,TOPIK 1
팀,TOPIK 1
파란색,TOPIK 1
파랗다,TOPIK 1
파티,TOPIK 1
팔,TOPIK 1
팔다,TOPIK 1
팔리다,TOPIK 1
팔십,TOPIK 1
팔월,TOPIK 1
펴다,TOPIK 1
편리,TOPIK 1
편안,TOPIK 1
편의점,TOPIK 1
편지,TOPIK 1
편찮다,TOPIK 1
편하다,TOPIK 1
평소,TOPIK 1
평일,TOPIK 1
포도,TOPIK 1
포장,TOPIK 1
푸르다,TOPIK 1
푹,TOPIK 1
풀다,TOPIK 1
풍경,TOPIK 1
프라이팬,TOPIK 1
프랑스,TOPIK 1
프로그램,TOPIK 1
피,TOPIK 1
피곤,TOPIK 1
피다,TOPIK 1
피아노,TOPIK 1
피우다,TOPIK 1
피자,TOPIK 1
필요,TOPIK 1
필통,TOPIK 1
하나,TOPIK 1
하늘,TOPIK 1
하늘색,TOPIK 1
하다,TOPIK 1
-하다,TOPIK 1
하루,TOPIK 1
하숙비,TOPIK 1
하숙집,TOPIK 1
하얀색,TOPIK 1
하얗다,TOPIK 1
하지만,TOPIK 1
학교,TOPIK 1
학기,TOPIK 1
학년,TOPIK 1
학생,TOPIK 1
학생증,TOPIK 1
학원,TOPIK 1
한가하다,TOPIK 1
한강,TOPIK 1
한국,TOPIK 1
한글,TOPIK 1
한두,TOPIK 1
한번,TOPIK 1
한복,TOPIK 1
한식,TOPIK 1
한식집,TOPIK 1
한옥,TOPIK 1
한잔,TOPIK 1
한턱,TOPIK 1
할머니,TOPIK 1
할아버지,TOPIK 1
할인,TOPIK 1
함께,TOPIK 1
항공,TOPIK 1
항공권,TOPIK 1
항상,TOPIK 1
해마다,TOPIK 1
해외,TOPIK 1
해외여행,TOPIK 1
햄버거,TOPIK 1
햇빛,TOPIK 1
행동,TOPIK 1
행복,TOPIK 1
허리,TOPIK 1
헤어지다,TOPIK 1
헬스클럽,TOPIK 1
혀,TOPIK 1
현금,TOPIK 1
현재,TOPIK 1
형,TOPIK 1
형제,TOPIK 1
호,TOPIK 1
호랑이,TOPIK 1
호수,TOPIK 1
호텔,TOPIK 1
혹시,TOPIK 1
혼자,TOPIK 1
홍차,TOPIK 1
화가,TOPIK 1
화나다,TOPIK 1
화내다,TOPIK 1
화려하다,TOPIK 1
화요일,TOPIK 1
화장실,TOPIK 1
화장품,TOPIK 1
환영,TOPIK 1
환자,TOPIK 1
환전,TOPIK 1
활발히,TOPIK 1
회사,TOPIK 1
회사원,TOPIK 1
회색,TOPIK 1
회원,TOPIK 1
회의,TOPIK 1
횡단보도,TOPIK 1
후,TOPIK 1
후배,TOPIK 1
훌륭하다,TOPIK 1
훨씬,TOPIK 1
휴가,TOPIK 1
휴게실,TOPIK 1
휴대폰,TOPIK 1
휴일,TOPIK 1
휴지,TOPIK 1
휴지통,TOPIK 1
흐르다,TOPIK 1
흐리다,TOPIK 1
흔들다,TOPIK 1
흘리다,TOPIK 1
희망,TOPIK 1
흰색,TOPIK 1
힘,TOPIK 1
힘들다,TOPIK 1
-가,TOPIK 2
가까이,TOPIK 2
가꾸다,TOPIK 2
가난,TOPIK 2
가능,TOPIK 2
가능성,TOPIK 2
가득하다,TOPIK 2
가득히,TOPIK 2
가라앉다,TOPIK 2
-가량,TOPIK 2
가렵다,TOPIK 2
가로,TOPIK 2
가로등,TOPIK 2
가로막다,TOPIK 2
가루,TOPIK 2
가르다,TOPIK 2
가리다,TOPIK 2
가만,TOPIK 2
가만있다,TOPIK 2
가만히,TOPIK 2
가뭄,TOPIK 2
가사,TOPIK 2
가스,TOPIK 2
가스레인지,TOPIK 2
가습기,TOPIK 2
가입,TOPIK 2
가입자,TOPIK 2
가장,TOPIK 1
가전제품,TOPIK 2
가정,TOPIK 2
가정주부,TOPIK 2
가져다주다,TOPIK 2
가죽,TOPIK 2
가지,TOPIK 1
가짜,TOPIK 2
가치,TOPIK 2
가치관,TOPIK 2
가톨릭,TOPIK 2
각,TOPIK 2
각국,TOPIK 2
각오,TOPIK 2
각자,TOPIK 2
각종,TOPIK 2
간,TOPIK 2
간,TOPIK 2
-간,TOPIK 2
간격,TOPIK 2
간섭,TOPIK 2
간신히,TOPIK 2
간절하다,TOPIK 2
간접적,TOPIK 2
간지럽다,TOPIK 2
간판,TOPIK 2
간편하다,TOPIK 2
간호,TOPIK 2
간혹,TOPIK 2
갇히다,TOPIK 2
갈다,TOPIK 2
갈등,TOPIK 2
갈라지다,TOPIK 2
갈수록,TOPIK 2
갈증,TOPIK 2
-감,TOPIK 2
감각,TOPIK 2
감다,TOPIK 1
감독,TOPIK 2
감동,TOPIK 2
감동적,TOPIK 2
감상,TOPIK 2
감상문,TOPIK 2
감소,TOPIK 2
감시,TOPIK 2
감싸다,TOPIK 2
감옥,TOPIK 2
감정,TOPIK 2
감추다,TOPIK 2
감히,TOPIK 2
갑작스럽다,TOPIK 2
값싸다,TOPIK 2
강도,TOPIK 2
강물,TOPIK 2
강사,TOPIK 2
강수량,TOPIK 2
강요,TOPIK 2
강의,TOPIK 2
강의실,TOPIK 2
강제,TOPIK 2
강조,TOPIK 2
갖가지,TOPIK 2
갖추다,TOPIK 2
개구리,TOPIK 2
개나리,TOPIK 2
개념,TOPIK 2
개다,TOPIK 2
개미,TOPIK 2
개발,TOPIK 2
개방,TOPIK 2
개별,TOPIK 2
개선,TOPIK 2
개성,TOPIK 2
개인,TOPIK 2
개인적,TOPIK 2
개최,TOPIK 2
개혁,TOPIK 2
-객,TOPIK 2
객관적,TOPIK 2
걔,TOPIK 2
거꾸로,TOPIK 2
거대,TOPIK 2
거두다,TOPIK 2
거들다,TOPIK 2
거래,TOPIK 2
거래처,TOPIK 2
거미,TOPIK 2
거북이,TOPIK 2
거스름돈,TOPIK 2
거지,TOPIK 2
거짓,TOPIK 2
거치다,TOPIK 2
거칠다,TOPIK 2
거품,TOPIK 2
걱정스럽다,TOPIK 2
건너,TOPIK 2
건널목,TOPIK 2
건네다,TOPIK 2
건네주다,TOPIK 2
건드리다,TOPIK 2
건설,TOPIK 2
건전지,TOPIK 2
건조,TOPIK 2
건지다,TOPIK 2
건축,TOPIK 2
걷다,TOPIK 1
걸레,TOPIK 2
걸치다,TOPIK 2
검다,TOPIK 2
검사,TOPIK 1
검색,TOPIK 2
검토,TOPIK 2
겁,TOPIK 2
겁나다,TOPIK 2
겉모습,TOPIK 2
겉옷,TOPIK 2
게,TOPIK 2
게다가,TOPIK 2
게시,TOPIK 2
게시판,TOPIK 2
겨우,TOPIK 2
겨울철,TOPIK 2
격려,TOPIK 2
겪다,TOPIK 2
견디다,TOPIK 2
견학,TOPIK 2
견해,TOPIK 2
결국,TOPIK 2
결근,TOPIK 2
결론,TOPIK 2
결승,TOPIK 2
결제,TOPIK 2
결코,TOPIK 2
결합,TOPIK 2
결혼식장,TOPIK 2
겸손,TOPIK 2
겹치다,TOPIK 2
경계,TOPIK 2
경고,TOPIK 2
경기,TOPIK 1
경기장,TOPIK 2
경력,TOPIK 2
경복궁,TOPIK 2
경비,TOPIK 2
경비실,TOPIK 2
경영,TOPIK 2
경우,TOPIK 2
경쟁,TOPIK 2
경쟁력,TOPIK 2
경제,TOPIK 2
경제력,TOPIK 2
경제적,TOPIK 2
경찰관,TOPIK 2
경향,TOPIK 2
곁,TOPIK 2
계곡,TOPIK 2
계기,TOPIK 2
계산기,TOPIK 2
계산대,TOPIK 2
계약,TOPIK 2
계약금,TOPIK 2
계약서,TOPIK 2
계좌,TOPIK 2
계층,TOPIK 2
고객,TOPIK 2
고구마,TOPIK 2
고국,TOPIK 2
고궁,TOPIK 2
고급,TOPIK 2
고급스럽다,TOPIK 2
고대,TOPIK 2
고독,TOPIK 2
고등,TOPIK 2
고등어,TOPIK 2
고래,TOPIK 2
고려,TOPIK 2
고마워하다,TOPIK 2
고무,TOPIK 2
고백,TOPIK 2
고생,TOPIK 2
고소하다,TOPIK 2
고속,TOPIK 2
고요,TOPIK 2
고유,TOPIK 2
고장,TOPIK 1
고전,TOPIK 2
고정,TOPIK 2
고집,TOPIK 2
고추,TOPIK 2
고춧가루,TOPIK 2
고층,TOPIK 2
고통,TOPIK 2
고통스럽다,TOPIK 2
곡,TOPIK 2
곡식,TOPIK 2
곤란,TOPIK 2
곧다,TOPIK 2
곧바로,TOPIK 2
곧이어,TOPIK 2
곧잘,TOPIK 2
곧장,TOPIK 2
골,TOPIK 2
골고루,TOPIK 2
골다,TOPIK 2
골목,TOPIK 2
골목길,TOPIK 2
골프,TOPIK 2
곰,TOPIK 2
곱다,TOPIK 2
곱하다,TOPIK 2
곳곳,TOPIK 2
공,TOPIK 2
공간,TOPIK 2
공감,TOPIK 2
공개,TOPIK 2
공격,TOPIK 2
공공,TOPIK 2
공공요금,TOPIK 2
공공장소,TOPIK 2
공과금,TOPIK 2
공급,TOPIK 2
공기,TOPIK 2
공동,TOPIK 2
공동체,TOPIK 2
공사,TOPIK 2
공손하다,TOPIK 2
공식,TOPIK 2
공업,TOPIK 2
공연,TOPIK 2
공연장,TOPIK 2
공적,TOPIK 2
공주,TOPIK 2
공중전화,TOPIK 2
공지,TOPIK 2
공통,TOPIK 2
공통점,TOPIK 2
공포,TOPIK 2
공해,TOPIK 2
과,TOPIK 2
과로,TOPIK 2
과목,TOPIK 2
과소비,TOPIK 2
과속,TOPIK 2
과식,TOPIK 2
과연,TOPIK 2
과외,TOPIK 2
과장,TOPIK 2
과정,TOPIK 2
과제,TOPIK 2
과학,TOPIK 2
과학자,TOPIK 2
과학적,TOPIK 2
-관,TOPIK 2
관객,TOPIK 2
관계없다,TOPIK 2
관계없이,TOPIK 2
관계있다,TOPIK 2
관계자,TOPIK 2
관람,TOPIK 2
관람객,TOPIK 2
관련,TOPIK 2
관리,TOPIK 2
관심사,TOPIK 2
관점,TOPIK 2
관찰,TOPIK 2
광경,TOPIK 2
괜히,TOPIK 2
괴로움,TOPIK 2
괴롭다,TOPIK 2
괴롭히다,TOPIK 2
굉장하다,TOPIK 2
굉장히,TOPIK 2
교내,TOPIK 2
교대,TOPIK 2
교류,TOPIK 2
교복,TOPIK 2
교시,TOPIK 2
교양,TOPIK 2
교외,TOPIK 2
교육비,TOPIK 2
교육자,TOPIK 2
교장,TOPIK 2
교재,TOPIK 2
교체,TOPIK 2
교통수단,TOPIK 2
교통편,TOPIK 2
교포,TOPIK 2
교훈,TOPIK 2
구,TOPIK 1
구경거리,TOPIK 2
구르다,TOPIK 2
구매,TOPIK 2
구멍,TOPIK 2
구별,TOPIK 2
구부리다,TOPIK 2
구분,TOPIK 2
구석,TOPIK 2
구성,TOPIK 2
구세대,TOPIK 2
구속,TOPIK 2
구수하다,TOPIK 2
구역,TOPIK 2
구입,TOPIK 2
구조,TOPIK 2
구조대,TOPIK 2
구체적,TOPIK 2
구하다,TOPIK 2
국가,TOPIK 2
국경일,TOPIK 2
국기,TOPIK 2
국내선,TOPIK 2
국립,TOPIK 2
국물,TOPIK 2
국민,TOPIK 2
국산,TOPIK 2
국어,TOPIK 2
국외,TOPIK 2
국제결혼,TOPIK 2
국제선,TOPIK 2
국제화,TOPIK 2
국화,TOPIK 2
국회,TOPIK 2
군,TOPIK 2
군대,TOPIK 2
군데,TOPIK 2
군사,TOPIK 2
굳어지다,TOPIK 2
굳이,TOPIK 2
굴,TOPIK 2
굶다,TOPIK 2
굽,TOPIK 2
굽히다,TOPIK 2
-권,TOPIK 2
권력,TOPIK 2
권리,TOPIK 2
권위,TOPIK 2
권유,TOPIK 2
권하다,TOPIK 2
귀가,TOPIK 2
귀국,TOPIK 2
귀신,TOPIK 2
귀중하다,TOPIK 2
귀하,TOPIK 2
귀하다,TOPIK 2
규모,TOPIK 2
규정,TOPIK 2
규칙적,TOPIK 2
균형,TOPIK 2
그나마,TOPIK 2
그네,TOPIK 2
그녀,TOPIK 2
그늘,TOPIK 2
그다지,TOPIK 2
그대,TOPIK 2
그래도,TOPIK 2
그래프,TOPIK 2
그램,TOPIK 2
그러게,TOPIK 2
그러다,TOPIK 2
그럭저럭,TOPIK 2
그런대로,TOPIK 2
그렇지,TOPIK 2
그룹,TOPIK 2
그리,TOPIK 2
그리움,TOPIK 2
그림자,TOPIK 2
그림책,TOPIK 2
그만큼,TOPIK 2
그만하다,TOPIK 2
그야말로,TOPIK 2
그저,TOPIK 2
그제,TOPIK 2
그제야,TOPIK 2
그중,TOPIK 2
그토록,TOPIK 2
극복,TOPIK 2
극히,TOPIK 2
근거,TOPIK 2
근교,TOPIK 2
근대,TOPIK 2
근데,TOPIK 2
근래,TOPIK 2
근로자,TOPIK 2
근무,TOPIK 2
근본,TOPIK 2
근본적,TOPIK 2
근심,TOPIK 2
근육,TOPIK 2
긁다,TOPIK 2
금,TOPIK 2
금,TOPIK 2
금년,TOPIK 2
금액,TOPIK 2
금연,TOPIK 2
금융,TOPIK 2
금하다,TOPIK 2
급격히,TOPIK 2
급속히,TOPIK 2
급증,TOPIK 2
급히,TOPIK 2
긋다,TOPIK 2
긍정적,TOPIK 2
-기,TOPIK 2
기계,TOPIK 2
기관,TOPIK 2
기구,TOPIK 2
기념,TOPIK 2
기념일,TOPIK 2
기념품,TOPIK 2
기능,TOPIK 2
기다,TOPIK 2
기대,TOPIK 2
기대다,TOPIK 2
기도,TOPIK 2
기독교,TOPIK 2
기둥,TOPIK 2
기록,TOPIK 2
기반,TOPIK 2
기본,TOPIK 2
기본적,TOPIK 2
기부,TOPIK 2
기사,TOPIK 2
기술,TOPIK 2
기술자,TOPIK 2
기억력,TOPIK 2
기업,TOPIK 2
기업가,TOPIK 2
기여,TOPIK 2
기운,TOPIK 2
기울다,TOPIK 2
기울이다,TOPIK 2
기원,TOPIK 2
기적,TOPIK 2
기존,TOPIK 2
기준,TOPIK 2
기지개,TOPIK 2
기초,TOPIK 2
기타,TOPIK 1
기혼,TOPIK 2
기획,TOPIK 2
기후,TOPIK 2
긴급,TOPIK 2
긴팔,TOPIK 2
길가,TOPIK 2
길거리,TOPIK 2
길다,TOPIK 1
김,TOPIK 2
깊이,TOPIK 1
까다,TOPIK 2
까다롭다,TOPIK 2
까닭,TOPIK 2
까먹다,TOPIK 2
깔끔하다,TOPIK 2
깔다,TOPIK 2
깔리다,TOPIK 2
깜깜하다,TOPIK 2
깜박하다,TOPIK 2
깜빡,TOPIK 2
깨,TOPIK 2
깨다,TOPIK 1
깨닫다,TOPIK 2
깨뜨리다,TOPIK 2
깨물다,TOPIK 2
깨어나다,TOPIK 2
깨우다,TOPIK 2
깨지다,TOPIK 2
꺼지다,TOPIK 2
꺾다,TOPIK 2
껍질,TOPIK 2
껴안다,TOPIK 2
꼬리,TOPIK 2
꼭,TOPIK 1
꼭대기,TOPIK 2
꼼꼼하다,TOPIK 2
꼼꼼히,TOPIK 2
꼼짝,TOPIK 2
꼽다,TOPIK 2
꼽히다,TOPIK 2
꽂다,TOPIK 2
꽂히다,TOPIK 2
꽃꽂이,TOPIK 2
꽃무늬,TOPIK 2
꽃잎,TOPIK 2
꽉,TOPIK 2
꽤,TOPIK 2
꾸다,TOPIK 1
꾸리다,TOPIK 2
꾸미다,TOPIK 2
꾸준하다,TOPIK 2
꾸준히,TOPIK 2
꾸중,TOPIK 2
꿀,TOPIK 2
꿇다,TOPIK 2
꿈꾸다,TOPIK 2
꿈속,TOPIK 2
끄덕이다,TOPIK 2
끈,TOPIK 2
끊기다,TOPIK 2
끊어지다,TOPIK 2
끊임없다,TOPIK 2
끊임없이,TOPIK 2
끌다,TOPIK 2
끌리다,TOPIK 2
끌어당기다,TOPIK 2
끌어안다,TOPIK 2
끝내,TOPIK 2
끝없다,TOPIK 2
끝없이,TOPIK 2
끼,TOPIK 2
끼다,TOPIK 1
끼어들다,TOPIK 2
끼우다,TOPIK 2
끼이다,TOPIK 2
끼치다,TOPIK 2
나뉘다,TOPIK 2
나란히,TOPIK 2
나르다,TOPIK 2
나름,TOPIK 2
나무라다,TOPIK 2
나물,TOPIK 2
나뭇가지,TOPIK 2
나뭇잎,TOPIK 2
나비,TOPIK 2
나빠지다,TOPIK 2
나서다,TOPIK 2
나아가다,TOPIK 2
나아지다,TOPIK 2
나이프,TOPIK 2
나타내다,TOPIK 2
낙엽,TOPIK 2
난로,TOPIK 2
난리,TOPIK 2
난방,TOPIK 2
난처하다,TOPIK 2
날개,TOPIK 2
날리다,TOPIK 2
날아가다,TOPIK 2
날아오다,TOPIK 2
날카롭다,TOPIK 2
낡다,TOPIK 2
남,TOPIK 2
남,TOPIK 2
남매,TOPIK 2
남미,TOPIK 2
남부,TOPIK 2
남북,TOPIK 2
낭비,TOPIK 2
낮추다,TOPIK 2
낯설다,TOPIK 2
낳다,TOPIK 2
내,TOPIK 1
내내,TOPIK 2
내놓다,TOPIK 2
내다보다,TOPIK 2
내달,TOPIK 2
내려놓다,TOPIK 2
내려다보다,TOPIK 2
내려앉다,TOPIK 2
내밀다,TOPIK 2
내버리다,TOPIK 2
내보내다,TOPIK 2
내부,TOPIK 2
내성적,TOPIK 2
내세우다,TOPIK 2
내외,TOPIK 2
내주다,TOPIK 2
내쫓다,TOPIK 2
내후년,TOPIK 2
낼모레,TOPIK 2
냉동,TOPIK 2
냉방,TOPIK 2
냉수,TOPIK 2
냉정하다,TOPIK 2
너그럽다,TOPIK 2
너머,TOPIK 2
너무나,TOPIK 2
넉넉하다,TOPIK 2
널다,TOPIK 2
널리,TOPIK 2
넓어지다,TOPIK 2
넓이,TOPIK 2
넓히다,TOPIK 2
넘겨주다,TOPIK 2
넘기다,TOPIK 2
넘어가다,TOPIK 2
넘어뜨리다,TOPIK 2
넘어서다,TOPIK 2
넘어오다,TOPIK 2
넘치다,TOPIK 2
네모,TOPIK 2
네티즌,TOPIK 2
녀석,TOPIK 2
년대,TOPIK 2
년도,TOPIK 2
노동,TOPIK 2
노동자,TOPIK 2
노랑,TOPIK 2
노려보다,TOPIK 2
노선,TOPIK 2
노선도,TOPIK 2
노약자,TOPIK 2
노트북,TOPIK 2
녹다,TOPIK 2
녹음,TOPIK 2
녹음기,TOPIK 2
녹이다,TOPIK 2
녹화,TOPIK 2
논리,TOPIK 2
논리적,TOPIK 2
논의,TOPIK 2
논쟁,TOPIK 2
놀랍다,TOPIK 2
놀리다,TOPIK 2
놀이공원,TOPIK 2
놀이터,TOPIK 2
농민,TOPIK 2
농부,TOPIK 2
농사,TOPIK 2
농사일,TOPIK 2
농산물,TOPIK 2
농업,TOPIK 2
농촌,TOPIK 2
높아지다,TOPIK 2
높이다,TOPIK 2
높임말,TOPIK 2
놓아두다,TOPIK 2
놓이다,TOPIK 2
놓치다,TOPIK 2
놔두다,TOPIK 2
뇌,TOPIK 2
누님,TOPIK 2
눈가,TOPIK 2
눈감다,TOPIK 2
눈길,TOPIK 2
눈동자,TOPIK 2
눈뜨다,TOPIK 2
눈병,TOPIK 2
눈부시다,TOPIK 2
눈빛,TOPIK 2
눈사람,TOPIK 2
눈싸움,TOPIK 2
눈썹,TOPIK 2
눈앞,TOPIK 2
눈치,TOPIK 2
눕히다,TOPIK 2
느긋하다,TOPIK 2
느끼하다,TOPIK 2
늘리다,TOPIK 2
늘어나다,TOPIK 2
늘어놓다,TOPIK 2
늘어서다,TOPIK 2
늘이다,TOPIK 2
늦가을,TOPIK 2
늦겨울,TOPIK 2
늦봄,TOPIK 2
늦어지다,TOPIK 2
늦여름,TOPIK 2
늦잠,TOPIK 2
늦추다,TOPIK 2
님,TOPIK 2
-님,TOPIK 2
다가가다,TOPIK 2
다가서다,TOPIK 2
다가오다,TOPIK 2
다녀가다,TOPIK 2
다듬다,TOPIK 2
다루다,TOPIK 2
다름없다,TOPIK 2
다리다,TOPIK 2
다리미,TOPIK 2
다만,TOPIK 2
다물다,TOPIK 2
다방,TOPIK 2
다소,TOPIK 2
다수,TOPIK 2
다운로드,TOPIK 2
다정,TOPIK 2
다지다,TOPIK 2
다짐,TOPIK 2
다투다,TOPIK 2
다행,TOPIK 2
다행스럽다,TOPIK 2
다행히,TOPIK 2
단,TOPIK 2
단계,TOPIK 2
단골,TOPIK 2
단기,TOPIK 2
단단하다,TOPIK 2
단독,TOPIK 2
단맛,TOPIK 2
단발머리,TOPIK 2
단속,TOPIK 2
단순히,TOPIK 2
단위,TOPIK 2
단점,TOPIK 2
단정하다,TOPIK 2
단지,TOPIK 2
단체,TOPIK 2
닫히다,TOPIK 2
달다,TOPIK 1
달라지다,TOPIK 2
달래다,TOPIK 2
달러,TOPIK 2
달려가다,TOPIK 2
달려들다,TOPIK 2
달려오다,TOPIK 2
달리,TOPIK 2
달리다,TOPIK 1
달빛,TOPIK 2
달성,TOPIK 2
달아나다,TOPIK 2
달콤하다,TOPIK 2
달하다,TOPIK 2
닳다,TOPIK 2
담,TOPIK 2
담,TOPIK 2
담그다,TOPIK 2
담기다,TOPIK 2
담다,TOPIK 2
담당,TOPIK 2
담당자,TOPIK 2
담백하다,TOPIK 2
담요,TOPIK 2
담임,TOPIK 2
답변,TOPIK 2
닷새,TOPIK 2
-당,TOPIK 2
당근,TOPIK 2
당기다,TOPIK 2
당당하다,TOPIK 2
당분간,TOPIK 2
당시,TOPIK 2
당신,TOPIK 2
당연하다,TOPIK 2
당연히,TOPIK 2
당일,TOPIK 2
당장,TOPIK 2
당첨,TOPIK 2
당하다,TOPIK 2
당황,TOPIK 2
닿다,TOPIK 2
대,TOPIK 1
대-,TOPIK 2
대가,TOPIK 2
대강,TOPIK 2
대개,TOPIK 2
대규모,TOPIK 2
대기,TOPIK 2
대기업,TOPIK 2
대낮,TOPIK 2
대다,TOPIK 2
대다수,TOPIK 2
대단하다,TOPIK 2
대단히,TOPIK 2
대도시,TOPIK 2
대략,TOPIK 2
대량,TOPIK 2
대로,TOPIK 2
대리,TOPIK 2
대립,TOPIK 2
대문,TOPIK 2
대비,TOPIK 2
대사,TOPIK 2
대상,TOPIK 2
대상자,TOPIK 2
대신,TOPIK 2
대여섯,TOPIK 2
대응,TOPIK 2
대접,TOPIK 2
대조,TOPIK 2
대중,TOPIK 2
대중가요,TOPIK 2
대중교통,TOPIK 2
대중문화,TOPIK 2
대책,TOPIK 2
대처,TOPIK 2
대청소,TOPIK 2
대체,TOPIK 2
대체로,TOPIK 2
대출,TOPIK 2
대충,TOPIK 2
대통령,TOPIK 2
대표,TOPIK 2
대표적,TOPIK 2
대하다,TOPIK 2
대한민국,TOPIK 2
대형,TOPIK 2
댐,TOPIK 2
더구나,TOPIK 2
더러워지다,TOPIK 2
더럽히다,TOPIK 2
더불다,TOPIK 2
더욱더,TOPIK 2
더욱이,TOPIK 2
더위,TOPIK 2
더하다,TOPIK 2
덕,TOPIK 2
덕택,TOPIK 2
덜,TOPIK 2
덜다,TOPIK 2
덧붙이다,TOPIK 2
덩어리,TOPIK 2
덮다,TOPIK 2
덮이다,TOPIK 2
데,TOPIK 2
데다,TOPIK 2
데리다,TOPIK 2
데우다,TOPIK 2
데치다,TOPIK 2
도,TOPIK 1
도구,TOPIK 2
도난,TOPIK 2
도대체,TOPIK 2
도둑,TOPIK 2
도로,TOPIK 1
도리어,TOPIK 2
도마,TOPIK 2
도망,TOPIK 2
도망가다,TOPIK 2
도망치다,TOPIK 2
도무지,TOPIK 2
도서,TOPIK 2
도시락,TOPIK 2
도심,TOPIK 2
도입,TOPIK 2
도자기,TOPIK 2
도장,TOPIK 2
도저히,TOPIK 2
도전,TOPIK 2
도중,TOPIK 2
독,TOPIK 2
독감,TOPIK 2
독립,TOPIK 2
독신자,TOPIK 2
독일어,TOPIK 2
독자,TOPIK 2
독특하다,TOPIK 2
독하다,TOPIK 2
돌,TOPIK 2
돌려받다,TOPIK 2
돌려보내다,TOPIK 2
돌멩이,TOPIK 2
돌보다,TOPIK 2
돌아다니다,TOPIK 2
돌아보다,TOPIK 2
돌아서다,TOPIK 2
동,TOPIK 2
동,TOPIK 2
동그라미,TOPIK 2
동그랗다,TOPIK 2
동기,TOPIK 2
동남아,TOPIK 2
동료,TOPIK 2
동부,TOPIK 2
동서남북,TOPIK 2
동아리,TOPIK 2
동양,TOPIK 2
동양인,TOPIK 2
동영상,TOPIK 2
동요,TOPIK 2
동의,TOPIK 2
동일,TOPIK 2
동작,TOPIK 2
동창,TOPIK 2
동창회,TOPIK 2
동포,TOPIK 2
동호회,TOPIK 2
동화,TOPIK 2
동화책,TOPIK 2
되게,TOPIK 2
되도록,TOPIK 2
되돌리다,TOPIK 2
되돌아가다,TOPIK 2
되돌아오다,TOPIK 2
되살리다,TOPIK 2
되살아나다,TOPIK 2
되찾다,TOPIK 2
되풀이,TOPIK 2
두께,TOPIK 2
두뇌,TOPIK 2
두드러지다,TOPIK 2
두드리다,TOPIK 2
두려움,TOPIK 2
두려워하다,TOPIK 2
두렵다,TOPIK 2
두르다,TOPIK 2
두리번거리다,TOPIK 2
두어,TOPIK 2
두통약,TOPIK 2
둘러보다,TOPIK 2
둘러싸다,TOPIK 2
둘러싸이다,TOPIK 2
둘레,TOPIK 2
둥글다,TOPIK 2
둥지,TOPIK 2
뒤늦다,TOPIK 2
뒤따르다,TOPIK 2
뒤떨어지다,TOPIK 2
뒤지다,TOPIK 2
뒤집다,TOPIK 2
뒤편,TOPIK 2
뒷골목,TOPIK 2
뒷모습,TOPIK 2
뒷문,TOPIK 2
뒷산,TOPIK 2
드나들다,TOPIK 2
드라이,TOPIK 2
드라이브,TOPIK 2
드라이어,TOPIK 2
드라이클리닝,TOPIK 2
드러나다,TOPIK 2
드러내다,TOPIK 2
드레스,TOPIK 2
드물다,TOPIK 2
든든하다,TOPIK 2
듣기,TOPIK 2
들려오다,TOPIK 2
들려주다,TOPIK 2
들리다,TOPIK 1
들어서다,TOPIK 2
들어주다,TOPIK 2
들여다보다,TOPIK 2
들이다,TOPIK 2
들키다,TOPIK 2
등,TOPIK 2
등,TOPIK 2
등기,TOPIK 2
등록,TOPIK 2
등록금,TOPIK 2
등록증,TOPIK 2
등산복,TOPIK 2
등장,TOPIK 2
디자이너,TOPIK 2
디지털,TOPIK 2
따님,TOPIK 2
따다,TOPIK 2
따라가다,TOPIK 2
따라다니다,TOPIK 2
따라서,TOPIK 2
따라오다,TOPIK 2
따로따로,TOPIK 2
따르다,TOPIK 2
따르릉,TOPIK 2
따지다,TOPIK 2
딱,TOPIK 2
딱딱하다,TOPIK 2
딴,TOPIK 2
땅바닥,TOPIK 2
땅속,TOPIK 2
땅콩,TOPIK 2
때,TOPIK 1
때때로,TOPIK 2
때로,TOPIK 2
때리다,TOPIK 2
떠나가다,TOPIK 2
떠나오다,TOPIK 2
떠오르다,TOPIK 2
떠올리다,TOPIK 2
떨다,TOPIK 2
떨리다,TOPIK 2
떨어뜨리다,TOPIK 2
떼,TOPIK 2
떼다,TOPIK 2
또다시,TOPIK 2
또한,TOPIK 2
똑똑히,TOPIK 2
똥,TOPIK 2
뚜껑,TOPIK 2
뚜렷하다,TOPIK 2
뚫다,TOPIK 2
뚫리다,TOPIK 2
뛰다,TOPIK 1
뛰어나다,TOPIK 2
뛰어나오다,TOPIK 2
뛰어내리다,TOPIK 2
뛰어넘다,TOPIK 2
뛰어놀다,TOPIK 2
뛰어다니다,TOPIK 2
뛰어들다,TOPIK 2
뜨다,TOPIK 1
뜯다,TOPIK 2
뜰,TOPIK 2
뜻대로,TOPIK 2
뜻밖,TOPIK 2
뜻밖에,TOPIK 2
띄다,TOPIK 2
띠,TOPIK 2
띠다,TOPIK 2
량,TOPIK 2
레몬,TOPIK 2
렌즈,TOPIK 2
렌터카,TOPIK 2
-력,TOPIK 2
로그인,TOPIK 2
로봇,TOPIK 2
-료,TOPIK 2
-률,TOPIK 2
리듬,TOPIK 2
리모컨,TOPIK 2
리본,TOPIK 2
리터,TOPIK 2
마구,TOPIK 2
마냥,TOPIK 2
마늘,TOPIK 2
마디,TOPIK 2
마땅하다,TOPIK 2
마땅히,TOPIK 2
마라톤,TOPIK 2
마련,TOPIK 2
마루,TOPIK 2
마무리,TOPIK 2
마사지,TOPIK 2
마약,TOPIK 2
마우스,TOPIK 2
마음가짐,TOPIK 2
마음껏,TOPIK 2
마음대로,TOPIK 2
마음먹다,TOPIK 2
마음속,TOPIK 2
마음씨,TOPIK 2
마이크,TOPIK 2
마주,TOPIK 2
마주치다,TOPIK 2
마찬가지,TOPIK 2
마찰,TOPIK 2
마치,TOPIK 2
마침,TOPIK 2
마침내,TOPIK 2
막,TOPIK 2
막내,TOPIK 2
막다,TOPIK 2
막대기,TOPIK 2
막상,TOPIK 2
막연하다,TOPIK 2
막차,TOPIK 2
만,TOPIK 2
만남,TOPIK 2
만만하다,TOPIK 2
만원,TOPIK 2
만점,TOPIK 2
만족,TOPIK 2
만족감,TOPIK 2
만족스럽다,TOPIK 2
만화책,TOPIK 2
많아지다,TOPIK 2
말기,TOPIK 2
말끔히,TOPIK 2
말다,TOPIK 1
말다툼,TOPIK 2
말리다,TOPIK 2
말없이,TOPIK 2
말투,TOPIK 2
말하기,TOPIK 2
맘,TOPIK 2
맘껏,TOPIK 2
맘대로,TOPIK 2
망가지다,TOPIK 2
망설이다,TOPIK 2
망치다,TOPIK 2
망하다,TOPIK 2
맞다,TOPIK 1
맞벌이,TOPIK 2
맞서다,TOPIK 2
맞은편,TOPIK 2
맞이하다,TOPIK 2
맞춤법,TOPIK 2
맞히다,TOPIK 2
맡기다,TOPIK 2
맡다,TOPIK 2
매,TOPIK 2
매달다,TOPIK 2
매달리다,TOPIK 2
매력,TOPIK 2
매번,TOPIK 2
매운맛,TOPIK 2
매운탕,TOPIK 2
매장,TOPIK 2
매점,TOPIK 2
매진,TOPIK 2
매체,TOPIK 2
맨,TOPIK 2
맨발,TOPIK 2
맺다,TOPIK 2
머리칼,TOPIK 2
머릿속,TOPIK 2
머무르다,TOPIK 2
머물다,TOPIK 2
머뭇거리다,TOPIK 2
먹고살다,TOPIK 2
먹이,TOPIK 2
먹이다,TOPIK 2
먹히다,TOPIK 2
먼지,TOPIK 2
멀미,TOPIK 2
멀어지다,TOPIK 2
멀쩡하다,TOPIK 2
멋대로,TOPIK 2
멋지다,TOPIK 2
멍,TOPIK 2
멍멍,TOPIK 2
멎다,TOPIK 2
메뉴판,TOPIK 2
메달,TOPIK 2
메모지,TOPIK 2
메우다,TOPIK 2
멜로디,TOPIK 2
며느리,TOPIK 2
면,TOPIK 2
면담,TOPIK 2
면도,TOPIK 2
면적,TOPIK 2
면접,TOPIK 2
면접관,TOPIK 2
면하다,TOPIK 2
면허,TOPIK 2
면허증,TOPIK 2
멸치,TOPIK 2
명,TOPIK 2
명단,TOPIK 2
명령,TOPIK 2
명예,TOPIK 2
명함,TOPIK 2
명확하다,TOPIK 2
몇몇,TOPIK 2
모,TOPIK 2
모금,TOPIK 2
모니터,TOPIK 2
모델,TOPIK 2
모래,TOPIK 2
모범,TOPIK 2
모여들다,TOPIK 2
모자,TOPIK 1
모집,TOPIK 2
모처럼,TOPIK 2
모험,TOPIK 2
목,TOPIK 1
목구멍,TOPIK 2
목록,TOPIK 2
목마르다,TOPIK 2
목사,TOPIK 2
목숨,TOPIK 2
목적지,TOPIK 2
목표,TOPIK 2
몫,TOPIK 2
몰다,TOPIK 2
몰라보다,TOPIK 2
몰래,TOPIK 2
몰려들다,TOPIK 2
몰려오다,TOPIK 2
몰리다,TOPIK 2
몸매,TOPIK 2
몸무게,TOPIK 2
몸살,TOPIK 2
몸속,TOPIK 2
몸짓,TOPIK 2
몸통,TOPIK 2
몹시,TOPIK 2
못,TOPIK 1
못나다,TOPIK 2
못되다,TOPIK 2
못지않다,TOPIK 2
몽땅,TOPIK 2
묘사,TOPIK 2
무-,TOPIK 2
무관심,TOPIK 2
무관하다,TOPIK 2
무기,TOPIK 2
무너지다,TOPIK 2
무늬,TOPIK 2
무대,TOPIK 2
무더위,TOPIK 2
무덤,TOPIK 2
무덥다,TOPIK 2
무려,TOPIK 2
무렵,TOPIK 2
무리,TOPIK 2
무사히,TOPIK 2
무서워하다,TOPIK 2
무시,TOPIK 2
무역,TOPIK 2
무용,TOPIK 2
무의미,TOPIK 2
무조건,TOPIK 2
무지개,TOPIK 2
무책임,TOPIK 2
묵다,TOPIK 2
묵묵히,TOPIK 2
묶다,TOPIK 2
묶이다,TOPIK 2
-문,TOPIK 2
문구점,TOPIK 2
문득,TOPIK 2
문명,TOPIK 2
문방구,TOPIK 2
문법,TOPIK 2
문병,TOPIK 2
문서,TOPIK 2
문의,TOPIK 2
문자,TOPIK 2
문장,TOPIK 2
문제점,TOPIK 2
문학,TOPIK 2
문화재,TOPIK 2
문화적,TOPIK 2
묻다,TOPIK 1
묻히다,TOPIK 2
-물,TOPIK 2
물가,TOPIK 2
물감,TOPIK 2
물결,TOPIK 2
물기,TOPIK 2
물다,TOPIK 2
물들다,TOPIK 2
물러나다,TOPIK 2
물러서다,TOPIK 2
물리다,TOPIK 2
물소리,TOPIK 2
물속,TOPIK 2
물약,TOPIK 2
물음,TOPIK 2
물질,TOPIK 2
물질적,TOPIK 2
뭉치다,TOPIK 2
뭘,TOPIK 2
뮤지컬,TOPIK 2
미국인,TOPIK 2
미끄럽다,TOPIK 2
미니,TOPIK 2
미디어,TOPIK 2
미련,TOPIK 2
미루다,TOPIK 2
미만,TOPIK 2
미성년자,TOPIK 2
미소,TOPIK 2
미술,TOPIK 2
미용사,TOPIK 2
미움,TOPIK 2
미인,TOPIK 2
미장원,TOPIK 2
미지근하다,TOPIK 2
미처,TOPIK 2
미치다,TOPIK 2
미팅,TOPIK 2
미혼,TOPIK 2
민속놀이,TOPIK 2
민족,TOPIK 2
민주주의,TOPIK 2
믿음,TOPIK 2
밀리다,TOPIK 2
밀리미터,TOPIK 2
밉다,TOPIK 2
및,TOPIK 2
밑바닥,TOPIK 2
밑줄,TOPIK 2
바,TOPIK 2
바가지,TOPIK 2
바구니,TOPIK 2
바늘,TOPIK 2
바닷물,TOPIK 2
바둑,TOPIK 2
바람,TOPIK 1
바람직하다,TOPIK 2
바래다주다,TOPIK 2
바로잡다,TOPIK 2
바르다,TOPIK 1
바보,TOPIK 2
바싹,TOPIK 2
바위,TOPIK 2
바치다,TOPIK 2
바퀴,TOPIK 2
바탕,TOPIK 2
박,TOPIK 2
박다,TOPIK 2
박사,TOPIK 2
박스,TOPIK 2
박히다,TOPIK 2
반값,TOPIK 2
반기다,TOPIK 2
반납,TOPIK 2
반달,TOPIK 2
반대말,TOPIK 2
반대쪽,TOPIK 2
반말,TOPIK 2
반면,TOPIK 2
반발,TOPIK 2
반복,TOPIK 2
반성,TOPIK 2
반영,TOPIK 2
반응,TOPIK 2
반장,TOPIK 2
반죽,TOPIK 2
반짝거리다,TOPIK 2
반짝반짝,TOPIK 2
반짝이다,TOPIK 2
반창고,TOPIK 2
반팔,TOPIK 2
반품,TOPIK 2
반하다,TOPIK 2
받아들이다,TOPIK 2
받침,TOPIK 2
발걸음,TOPIK 2
발견,TOPIK 2
발급,TOPIK 2
발길,TOPIK 2
발꿈치,TOPIK 2
발끝,TOPIK 2
발달,TOPIK 2
발등,TOPIK 2
발명,TOPIK 2
발목,TOPIK 2
발생,TOPIK 2
발음,TOPIK 2
발자국,TOPIK 2
발전,TOPIK 2
발톱,TOPIK 2
발표,TOPIK 2
발표회,TOPIK 2
발행,TOPIK 2
밝혀내다,TOPIK 2
밝혀지다,TOPIK 2
밝히다,TOPIK 2
밟다,TOPIK 2
밟히다,TOPIK 2
밤,TOPIK 1
밤낮,TOPIK 2
밤늦다,TOPIK 2
밤새,TOPIK 2
밤새다,TOPIK 2
밤새우다,TOPIK 2
밤색,TOPIK 2
밤중,TOPIK 2
밥그릇,TOPIK 2
밥맛,TOPIK 2
밥솥,TOPIK 2
방면,TOPIK 2
방바닥,TOPIK 2
방송사,TOPIK 2
방식,TOPIK 2
방안,TOPIK 2
방울,TOPIK 2
방지,TOPIK 2
방해,TOPIK 2
배경,TOPIK 2
배고프다,TOPIK 2
배구,TOPIK 2
배꼽,TOPIK 2
배낭,TOPIK 2
배낭여행,TOPIK 2
배다,TOPIK 2
배려,TOPIK 2
배부르다,TOPIK 2
배송,TOPIK 2
배우자,TOPIK 2
배웅,TOPIK 2
배치,TOPIK 2
배터리,TOPIK 2
배편,TOPIK 2
백,TOPIK 2
뱃속,TOPIK 2
뱉다,TOPIK 2
버섯,TOPIK 2
버터,TOPIK 2
버튼,TOPIK 2
버티다,TOPIK 2
번갈다,TOPIK 2
번개,TOPIK 2
번거롭다,TOPIK 2
번역,TOPIK 2
번지,TOPIK 2
번호표,TOPIK 2
번화하다,TOPIK 2
벌,TOPIK 1
벌,TOPIK 1
벌금,TOPIK 2
벌떡,TOPIK 2
벌레,TOPIK 2
벌리다,TOPIK 2
벌어지다,TOPIK 2
벌이다,TOPIK 2
범위,TOPIK 2
범인,TOPIK 2
범죄,TOPIK 2
법,TOPIK 2
-법,TOPIK 2
법률,TOPIK 2
법원,TOPIK 2
법적,TOPIK 2
법칙,TOPIK 2
벗기다,TOPIK 2
벗어나다,TOPIK 2
베개,TOPIK 2
베란다,TOPIK 2
베풀다,TOPIK 2
벤치,TOPIK 2
벨,TOPIK 2
벨트,TOPIK 2
벼,TOPIK 2
벽시계,TOPIK 2
벽지,TOPIK 2
변경,TOPIK 2
변덕스럽다,TOPIK 2
변동,TOPIK 2
변명,TOPIK 2
변비,TOPIK 2
변화,TOPIK 2
별,TOPIK 1
-별,TOPIK 2
별다르다,TOPIK 2
별도,TOPIK 2
별말씀,TOPIK 2
별명,TOPIK 2
별일,TOPIK 2
병들다,TOPIK 2
병실,TOPIK 2
보고,TOPIK 2
보고서,TOPIK 2
보관,TOPIK 2
보급,TOPIK 2
보기,TOPIK 2
보너스,TOPIK 2
보도,TOPIK 2
보람,TOPIK 2
보름,TOPIK 2
보름달,TOPIK 2
보리,TOPIK 2
보리차,TOPIK 2
보물,TOPIK 2
보살피다,TOPIK 2
보상,TOPIK 2
보석,TOPIK 2
보수,TOPIK 2
보안,TOPIK 2
보완,TOPIK 2
보장,TOPIK 2
보전,TOPIK 2
보조,TOPIK 2
보존,TOPIK 2
보충,TOPIK 2
보행자,TOPIK 2
보험,TOPIK 2
보호,TOPIK 2
복,TOPIK 2
복도,TOPIK 2
복사,TOPIK 2
복사기,TOPIK 2
복수,TOPIK 2
복숭아,TOPIK 2
복용,TOPIK 2
복통,TOPIK 2
볶음,TOPIK 2
본능,TOPIK 2
본래,TOPIK 2
본부,TOPIK 2
본인,TOPIK 2
본질,TOPIK 2
볼,TOPIK 2
볼거리,TOPIK 2
볼링,TOPIK 2
볼일,TOPIK 2
봉사,TOPIK 2
봉지,TOPIK 2
뵈다,TOPIK 2
부,TOPIK 2
부-,TOPIK 2
부근,TOPIK 2
부끄러움,TOPIK 2
부끄러워하다,TOPIK 2
부담,TOPIK 2
부담스럽다,TOPIK 2
부대,TOPIK 2
부동산,TOPIK 2
부딪치다,TOPIK 2
부딪히다,TOPIK 2
부러워하다,TOPIK 2
부러지다,TOPIK 2
부리다,TOPIK 2
부모,TOPIK 2
부문,TOPIK 2
부분적,TOPIK 2
부상,TOPIK 2
부서,TOPIK 2
부서지다,TOPIK 2
부수다,TOPIK 2
부위,TOPIK 2
부인,TOPIK 1
부자,TOPIK 1
부작용,TOPIK 2
부잣집,TOPIK 2
부정,TOPIK 2
부정적,TOPIK 2
부정확,TOPIK 2
부족,TOPIK 1
부주의,TOPIK 2
부지런히,TOPIK 2
부채,TOPIK 2
부처,TOPIK 2
부츠,TOPIK 2
부친,TOPIK 2
부품,TOPIK 2
북,TOPIK 2
북미,TOPIK 2
북부,TOPIK 2
분노,TOPIK 2
분단,TOPIK 2
분량,TOPIK 2
분류,TOPIK 2
분리,TOPIK 2
분명,TOPIK 2
분명히,TOPIK 2
분석,TOPIK 2
분수,TOPIK 2
분실,TOPIK 2
분실물,TOPIK 2
분야,TOPIK 2
분포,TOPIK 2
분필,TOPIK 2
불-,TOPIK 2
불가,TOPIK 2
불가능,TOPIK 2
불가피하다,TOPIK 2
불교,TOPIK 2
불구하다,TOPIK 2
불규칙,TOPIK 2
불균형,TOPIK 2
불꽃,TOPIK 2
불러일으키다,TOPIK 2
불리,TOPIK 2
불리다,TOPIK 2
불만,TOPIK 2
불만족,TOPIK 2
불만족스럽다,TOPIK 2
불법,TOPIK 2
불빛,TOPIK 2
불어,TOPIK 2
불어오다,TOPIK 2
불완전,TOPIK 2
불이익,TOPIK 2
불충분,TOPIK 2
불친절,TOPIK 2
불쾌,TOPIK 2
불평,TOPIK 2
불평등,TOPIK 2
불필요,TOPIK 2
불행,TOPIK 2
불확실,TOPIK 2
붐비다,TOPIK 2
붓다,TOPIK 2
붙들다,TOPIK 2
붙잡다,TOPIK 2
붙잡히다,TOPIK 2
뷔페,TOPIK 2
비-,TOPIK 2
-비,TOPIK 2
비결,TOPIK 2
비교적,TOPIK 2
비극,TOPIK 2
비기다,TOPIK 2
비난,TOPIK 2
비닐,TOPIK 2
비로소,TOPIK 2
비록,TOPIK 2
비롯되다,TOPIK 2
비롯하다,TOPIK 2
비만,TOPIK 2
비명,TOPIK 2
비밀번호,TOPIK 2
비바람,TOPIK 2
비법,TOPIK 2
비비다,TOPIK 2
비상,TOPIK 2
비상구,TOPIK 2
비용,TOPIK 2
비우다,TOPIK 2
비웃다,TOPIK 2
비유,TOPIK 2
비율,TOPIK 2
비자,TOPIK 2
비중,TOPIK 2
비추다,TOPIK 2
비치다,TOPIK 2
비키다,TOPIK 2
비타민,TOPIK 2
비틀거리다,TOPIK 2
비판,TOPIK 2
비판적,TOPIK 2
비하다,TOPIK 2
비행,TOPIK 2
비행장,TOPIK 2
빈자리,TOPIK 2
빌다,TOPIK 2
빗,TOPIK 2
빗길,TOPIK 2
빗다,TOPIK 2
빗물,TOPIK 2
빗방울,TOPIK 2
빚,TOPIK 2
빚다,TOPIK 2
빛,TOPIK 2
빛깔,TOPIK 2
빛나다,TOPIK 2
빠뜨리다,TOPIK 2
빠져나가다,TOPIK 2
빠져나오다,TOPIK 2
빠지다,TOPIK 1
빠짐없이,TOPIK 2
빠트리다,TOPIK 2
빨강,TOPIK 2
빨개지다,TOPIK 2
빨다,TOPIK 1
빼놓다,TOPIK 2
빼앗기다,TOPIK 2
빼앗다,TOPIK 2
뺏다,TOPIK 2
뺨,TOPIK 2
뻗다,TOPIK 2
뼈,TOPIK 2
뽀뽀,TOPIK 2
뽑히다,TOPIK 2
뿌리,TOPIK 2
뿌리다,TOPIK 2
뿌리치다,TOPIK 2
삐다,TOPIK 2
-사,TOPIK 2
사건,TOPIK 2
사고방식,TOPIK 2
사과,TOPIK 1
사교적,TOPIK 2
사기,TOPIK 2
사나이,TOPIK 2
사내,TOPIK 2
사냥,TOPIK 2
사들이다,TOPIK 2
사라지다,TOPIK 2
사랑스럽다,TOPIK 2
사례,TOPIK 2
사로잡다,TOPIK 2
사립,TOPIK 2
사막,TOPIK 2
사망,TOPIK 2
사무,TOPIK 2
사무소,TOPIK 2
사무직,TOPIK 2
사물,TOPIK 2
사방,TOPIK 2
사상,TOPIK 2
사생활,TOPIK 2
사설,TOPIK 2
사소하다,TOPIK 2
사업가,TOPIK 2
사업자,TOPIK 2
사연,TOPIK 2
사용료,TOPIK 2
사용법,TOPIK 2
사용자,TOPIK 2
사우나,TOPIK 2
사위,TOPIK 2
사이버,TOPIK 2
사이좋다,TOPIK 2
사이트,TOPIK 2
사인,TOPIK 2
사자,TOPIK 2
사적,TOPIK 2
사전,TOPIK 1
사정,TOPIK 2
사진관,TOPIK 2
사진첩,TOPIK 2
사촌,TOPIK 2
사춘기,TOPIK 2
사태,TOPIK 2
사투리,TOPIK 2
사표,TOPIK 2
사항,TOPIK 2
사회,TOPIK 2
사회생활,TOPIK 2
사회자,TOPIK 2
사회적,TOPIK 2
삭제,TOPIK 2
산길,TOPIK 2
산꼭대기,TOPIK 2
산불,TOPIK 2
산속,TOPIK 2
산업,TOPIK 2
살리다,TOPIK 2
살림,TOPIK 2
살아가다,TOPIK 2
살아나다,TOPIK 2
살아남다,TOPIK 2
살아오다,TOPIK 2
살인,TOPIK 2
살짝,TOPIK 2
살찌다,TOPIK 2
살펴보다,TOPIK 2
살피다,TOPIK 2
삶,TOPIK 2
삶다,TOPIK 2
삼다,TOPIK 2
삼키다,TOPIK 2
상,TOPIK 1
상,TOPIK 1
상가,TOPIK 2
상관,TOPIK 2
상관없다,TOPIK 2
상관없이,TOPIK 2
상금,TOPIK 2
상담,TOPIK 2
상담실,TOPIK 2
상담원,TOPIK 2
상당하다,TOPIK 2
상당히,TOPIK 2
상대,TOPIK 2
상대방,TOPIK 2
상대적,TOPIK 2
상대편,TOPIK 2
상류,TOPIK 2
상반기,TOPIK 2
상사,TOPIK 2
상상,TOPIK 2
상상력,TOPIK 2
상승,TOPIK 2
상식,TOPIK 2
상업,TOPIK 2
상영,TOPIK 2
상점,TOPIK 2
상징,TOPIK 2
상쾌하다,TOPIK 2
상태,TOPIK 2
상하,TOPIK 2
상하다,TOPIK 2
상황,TOPIK 2
새,TOPIK 1
새기다,TOPIK 2
새끼,TOPIK 2
새다,TOPIK 2
새로이,TOPIK 2
새삼,TOPIK 2
새엄마,TOPIK 2
새우,TOPIK 2
새우다,TOPIK 2
새집,TOPIK 2
색다르다,TOPIK 2
샌들,TOPIK 2
-생,TOPIK 2
생겨나다,TOPIK 2
생기,TOPIK 2
생김새,TOPIK 2
생년월일,TOPIK 2
생략,TOPIK 2
생머리,TOPIK 2
생명,TOPIK 2
생방송,TOPIK 2
생산,TOPIK 2
생생하다,TOPIK 2
생존,TOPIK 2
생활비,TOPIK 2
생활용품,TOPIK 2
샴푸,TOPIK 2
서,TOPIK 2
서넛,TOPIK 2
서늘하다,TOPIK 2
서럽다,TOPIK 2
서명,TOPIK 2
서부,TOPIK 2
서서히,TOPIK 2
서양인,TOPIK 2
서운하다,TOPIK 2
서적,TOPIK 2
서투르다,TOPIK 2
서툴다,TOPIK 2
석유,TOPIK 2
섞이다,TOPIK 2
선,TOPIK 2
선거,TOPIK 2
선글라스,TOPIK 2
선약,TOPIK 2
선전,TOPIK 2
선정,TOPIK 2
선진,TOPIK 2
선진국,TOPIK 2
선호,TOPIK 2
설,TOPIK 2
설득,TOPIK 2
설레다,TOPIK 2
설립,TOPIK 2
설마,TOPIK 2
설명서,TOPIK 2
설문,TOPIK 2
설문지,TOPIK 2
설사,TOPIK 2
설정,TOPIK 2
설치,TOPIK 2
섭씨,TOPIK 2
-성,TOPIK 2
성공적,TOPIK 2
성과,TOPIK 2
성당,TOPIK 2
성립,TOPIK 2
성명,TOPIK 2
성별,TOPIK 2
성숙,TOPIK 2
성실,TOPIK 2
성인,TOPIK 2
성장,TOPIK 2
성적표,TOPIK 2
성질,TOPIK 2
세계적,TOPIK 2
세계화,TOPIK 2
세금,TOPIK 2
세기,TOPIK 2
세다,TOPIK 1
세대,TOPIK 2
세력,TOPIK 2
세련되다,TOPIK 2
세로,TOPIK 2
세모,TOPIK 2
세미나,TOPIK 2
세월,TOPIK 2
세일,TOPIK 2
세제,TOPIK 2
세차,TOPIK 2
세탁물,TOPIK 2
세트,TOPIK 2
센티,TOPIK 2
셔츠,TOPIK 2
소-,TOPIK 2
-소,TOPIK 2
소감,TOPIK 2
소개팅,TOPIK 2
소규모,TOPIK 2
소극장,TOPIK 2
소극적,TOPIK 2
소금물,TOPIK 2
소나기,TOPIK 2
소나무,TOPIK 2
소녀,TOPIK 2
소년,TOPIK 2
소독,TOPIK 2
소독약,TOPIK 2
소득,TOPIK 2
소리치다,TOPIK 2
소망,TOPIK 2
소매,TOPIK 2
소문,TOPIK 2
소문나다,TOPIK 2
소방관,TOPIK 2
소방서,TOPIK 2
소방차,TOPIK 2
소변,TOPIK 2
소비,TOPIK 2
소비자,TOPIK 2
소설가,TOPIK 2
소설책,TOPIK 2
소수,TOPIK 2
소스,TOPIK 2
소시지,TOPIK 2
소아과,TOPIK 2
소요,TOPIK 2
소용,TOPIK 2
소용없다,TOPIK 2
소원,TOPIK 2
소유,TOPIK 2
소음,TOPIK 2
소재,TOPIK 2
소중히,TOPIK 2
소지품,TOPIK 2
소형,TOPIK 2
소홀하다,TOPIK 2
소화,TOPIK 2
속눈썹,TOPIK 2
속다,TOPIK 2
속담,TOPIK 2
속마음,TOPIK 2
속상하다,TOPIK 2
속이다,TOPIK 2
속하다,TOPIK 2
손가방,TOPIK 2
손길,TOPIK 2
손끝,TOPIK 2
손등,TOPIK 2
손목,TOPIK 2
손목시계,TOPIK 2
손발,TOPIK 2
손뼉,TOPIK 2
손쉽다,TOPIK 2
손자,TOPIK 2
손잡다,TOPIK 2
손잡이,TOPIK 2
손질,TOPIK 2
손톱,TOPIK 2
손해,TOPIK 2
솔직하다,TOPIK 2
솔직히,TOPIK 2
솜씨,TOPIK 2
솟다,TOPIK 2
송별회,TOPIK 2
송아지,TOPIK 2
송이,TOPIK 2
쇠,TOPIK 2
쇠고기,TOPIK 2
쇼,TOPIK 2
쇼핑몰,TOPIK 2
쇼핑센터,TOPIK 2
수,TOPIK 1
수년,TOPIK 2
수다,TOPIK 2
수단,TOPIK 2
수도,TOPIK 2
수도권,TOPIK 2
수도꼭지,TOPIK 2
수돗물,TOPIK 2
수동적,TOPIK 2
수량,TOPIK 2
수리,TOPIK 2
수리비,TOPIK 2
수만,TOPIK 2
수많다,TOPIK 2
수면,TOPIK 2
수면제,TOPIK 2
수명,TOPIK 2
수백,TOPIK 2
수사,TOPIK 2
수상,TOPIK 2
수선,TOPIK 2
수속,TOPIK 2
수수께끼,TOPIK 2
수수료,TOPIK 2
수시로,TOPIK 2
수십,TOPIK 2
수없이,TOPIK 2
수요,TOPIK 2
수용,TOPIK 2
수입,TOPIK 2
수입품,TOPIK 2
수정,TOPIK 2
수준,TOPIK 2
수집,TOPIK 2
수천,TOPIK 2
수출,TOPIK 2
수표,TOPIK 2
수학,TOPIK 2
수행,TOPIK 2
숙녀,TOPIK 2
숙박,TOPIK 2
숙박비,TOPIK 2
숙소,TOPIK 2
숙이다,TOPIK 2
순간,TOPIK 2
순간적,TOPIK 2
순수하다,TOPIK 2
순식간,TOPIK 2
순위,TOPIK 2
순진하다,TOPIK 2
순하다,TOPIK 2
술병,TOPIK 2
술자리,TOPIK 2
술잔,TOPIK 2
숨,TOPIK 2
숨기다,TOPIK 2
숨다,TOPIK 2
숨소리,TOPIK 2
숨지다,TOPIK 2
숲,TOPIK 2
쉬다,TOPIK 1
쉿,TOPIK 2
슈퍼,TOPIK 2
스님,TOPIK 2
-스럽다,TOPIK 2
스무째,TOPIK 2
스위치,TOPIK 2
스치다,TOPIK 2
스커트,TOPIK 2
스케줄,TOPIK 2
스타일,TOPIK 2
스타킹,TOPIK 2
스튜디오,TOPIK 2
슬리퍼,TOPIK 2
슬쩍,TOPIK 2
습기,TOPIK 2
습도,TOPIK 2
습하다,TOPIK 2
승객,TOPIK 2
승낙,TOPIK 2
승리,TOPIK 2
승무원,TOPIK 2
승용차,TOPIK 2
승진,TOPIK 2
승차,TOPIK 2
승차권,TOPIK 2
승패,TOPIK 2
시,TOPIK 1
시각,TOPIK 2
시금치,TOPIK 2
시기,TOPIK 2
시내버스,TOPIK 2
시달리다,TOPIK 2
시대,TOPIK 2
시댁,TOPIK 2
시도,TOPIK 2
시들다,TOPIK 2
시디,TOPIK 2
시력,TOPIK 2
시리즈,TOPIK 2
시멘트,TOPIK 2
시부모,TOPIK 2
시선,TOPIK 2
시설,TOPIK 2
시스템,TOPIK 2
시아버지,TOPIK 2
시야,TOPIK 2
시외,TOPIK 2
시외버스,TOPIK 2
시인,TOPIK 2
시일,TOPIK 2
시장,TOPIK 1
시절,TOPIK 2
시점,TOPIK 2
시중,TOPIK 2
시집,TOPIK 2
시집가다,TOPIK 2
시청,TOPIK 1
시청률,TOPIK 2
시청자,TOPIK 2
시합,TOPIK 2
시행,TOPIK 2
시험지,TOPIK 2
식기,TOPIK 2
식당가,TOPIK 2
식량,TOPIK 2
식료품,TOPIK 2
식물,TOPIK 2
식비,TOPIK 2
식사량,TOPIK 2
식욕,TOPIK 2
식용유,TOPIK 2
식중독,TOPIK 2
식품점,TOPIK 2
식후,TOPIK 2
식히다,TOPIK 2
신,TOPIK 2
신,TOPIK 2
신-,TOPIK 2
신경,TOPIK 2
신고,TOPIK 2
신기하다,TOPIK 2
신나다,TOPIK 2
신념,TOPIK 2
신뢰,TOPIK 2
신맛,TOPIK 2
신문사,TOPIK 2
신문지,TOPIK 2
신부,TOPIK 1
신분,TOPIK 2
신비,TOPIK 2
신사,TOPIK 2
신상품,TOPIK 2
신세,TOPIK 2
신세대,TOPIK 2
신앙,TOPIK 2
신용,TOPIK 2
신입,TOPIK 2
신입생,TOPIK 2
신제품,TOPIK 2
신중,TOPIK 2
신청서,TOPIK 2
신체,TOPIK 2
신체적,TOPIK 2
신혼,TOPIK 2
신혼부부,TOPIK 2
신화,TOPIK 2
실,TOPIK 2
실감,TOPIK 2
실내,TOPIK 2
실력,TOPIK 2
실례,TOPIK 1
실리다,TOPIK 2
실망,TOPIK 2
실습,TOPIK 2
실시,TOPIK 2
실업,TOPIK 2
실용적,TOPIK 2
실은,TOPIK 2
실장,TOPIK 2
실제,TOPIK 2
실제로,TOPIK 2
실종,TOPIK 2
실천,TOPIK 2
실체,TOPIK 2
실컷,TOPIK 2
실험,TOPIK 2
실현,TOPIK 2
싫증,TOPIK 2
-심,TOPIK 2
심각하다,TOPIK 2
심리,TOPIK 2
심리적,TOPIK 2
심부름,TOPIK 2
심사,TOPIK 2
심장,TOPIK 2
심정,TOPIK 2
심지어,TOPIK 2
심판,TOPIK 2
십상,TOPIK 2
싱싱하다,TOPIK 2
싸구려,TOPIK 2
싸다,TOPIK 1
싸움,TOPIK 2
싸이다,TOPIK 2
싼값,TOPIK 2
쌍,TOPIK 2
쌍둥이,TOPIK 2
쌓이다,TOPIK 2
썩,TOPIK 2
썩다,TOPIK 2
썰렁하다,TOPIK 2
쏘다,TOPIK 2
쏟다,TOPIK 2
쏟아지다,TOPIK 2
쐬다,TOPIK 2
쑤시다,TOPIK 2
쑥스럽다,TOPIK 2
쓰기,TOPIK 2
쓰다듬다,TOPIK 2
쓰러지다,TOPIK 2
쓰이다,TOPIK 2
쓴맛,TOPIK 2
쓸다,TOPIK 2
쓸데없다,TOPIK 2
쓸데없이,TOPIK 2
쓸쓸하다,TOPIK 2
씌우다,TOPIK 2
씨,TOPIK 1
씨름,TOPIK 2
씨앗,TOPIK 2
-씩,TOPIK 2
씩씩하다,TOPIK 2
씻기다,TOPIK 2
아가,TOPIK 2
아깝다,TOPIK 2
아끼다,TOPIK 2
아냐,TOPIK 2
아동,TOPIK 2
아드님,TOPIK 2
아래층,TOPIK 2
아랫사람,TOPIK 2
아랫집,TOPIK 2
아마도,TOPIK 2
아무개,TOPIK 2
아무래도,TOPIK 2
아무런,TOPIK 2
아무렇다,TOPIK 2
아무튼,TOPIK 2
아쉬움,TOPIK 2
아쉽다,TOPIK 2
아시아,TOPIK 2
아예,TOPIK 2
아울러,TOPIK 2
아이,TOPIK 1
아이고,TOPIK 2
아이디어,TOPIK 2
아침밥,TOPIK 2
아침저녁,TOPIK 2
아프리카,TOPIK 2
아픔,TOPIK 2
아하,TOPIK 2
아홉째,TOPIK 2
악몽,TOPIK 2
악수,TOPIK 2
악취,TOPIK 2
악화,TOPIK 2
안과,TOPIK 2
안기다,TOPIK 2
안내서,TOPIK 2
안내소,TOPIK 2
안내원,TOPIK 2
안내판,TOPIK 2
안되다,TOPIK 1
안방,TOPIK 2
안부,TOPIK 2
안색,TOPIK 2
안심,TOPIK 2
안약,TOPIK 2
안전띠,TOPIK 2
안정,TOPIK 2
안주,TOPIK 2
안타까워하다,TOPIK 2
안타깝다,TOPIK 2
안팎,TOPIK 2
앉히다,TOPIK 2
않다,TOPIK 2
알,TOPIK 2
알레르기,TOPIK 2
알려지다,TOPIK 2
알아내다,TOPIK 2
알아듣다,TOPIK 2
알아맞히다,TOPIK 2
알아주다,TOPIK 2
알차다,TOPIK 2
앓다,TOPIK 2
암,TOPIK 2
암기,TOPIK 2
압력,TOPIK 2
앗,TOPIK 2
앞길,TOPIK 2
앞날,TOPIK 2
앞두다,TOPIK 2
앞뒤,TOPIK 2
앞머리,TOPIK 2
앞바다,TOPIK 2
앞서,TOPIK 2
앞서다,TOPIK 2
앞세우다,TOPIK 2
앞장서다,TOPIK 2
앞집,TOPIK 2
애,TOPIK 1
애기,TOPIK 2
애쓰다,TOPIK 2
애완동물,TOPIK 2
애정,TOPIK 2
액세서리,TOPIK 2
액수,TOPIK 2
액자,TOPIK 2
야간,TOPIK 2
야경,TOPIK 2
야근,TOPIK 2
야단,TOPIK 2
야옹,TOPIK 2
야외,TOPIK 2
야하다,TOPIK 2
약도,TOPIK 2
약점,TOPIK 2
약품,TOPIK 2
약혼,TOPIK 2
약혼녀,TOPIK 2
약혼자,TOPIK 2
얌전,TOPIK 2
양,TOPIK 2
양국,TOPIK 2
양념,TOPIK 2
양력,TOPIK 2
양배추,TOPIK 2
양보,TOPIK 2
양산,TOPIK 2
양식,TOPIK 1
양심,TOPIK 2
양옆,TOPIK 2
양쪽,TOPIK 2
양파,TOPIK 2
얕다,TOPIK 2
얘,TOPIK 2
-어,TOPIK 2
어긋나다,TOPIK 2
어기다,TOPIK 2
어느덧,TOPIK 2
어느새,TOPIK 2
어둠,TOPIK 2
어떡하다,TOPIK 2
어려움,TOPIK 2
어려워하다,TOPIK 2
어르신,TOPIK 2
어리석다,TOPIK 2
어린애,TOPIK 2
어머,TOPIK 2
어색하다,TOPIK 2
어저께,TOPIK 2
어지럽다,TOPIK 2
어쨌든,TOPIK 2
어쩌다,TOPIK 2
어쩌면,TOPIK 2
어쩐지,TOPIK 2
어찌나,TOPIK 2
어찌하다,TOPIK 2
어차피,TOPIK 2
어휘,TOPIK 2
어휴,TOPIK 2
억양,TOPIK 2
억울하다,TOPIK 2
억지로,TOPIK 2
언급,TOPIK 2
언덕,TOPIK 2
언론,TOPIK 2
언젠가,TOPIK 2
얹다,TOPIK 2
얻어먹다,TOPIK 2
얼룩,TOPIK 2
얼른,TOPIK 2
얼리다,TOPIK 2
얼마간,TOPIK 2
엄격,TOPIK 2
엄숙하다,TOPIK 2
엄청나다,TOPIK 2
업계,TOPIK 2
업다,TOPIK 2
업무,TOPIK 2
업적,TOPIK 2
업체,TOPIK 2
없애다,TOPIK 2
없어지다,TOPIK 2
없이,TOPIK 2
엉뚱하다,TOPIK 2
엉망,TOPIK 2
엉터리,TOPIK 2
엊그제,TOPIK 2
엎드리다,TOPIK 2
에너지,TOPIK 2
에스컬레이터,TOPIK 2
여,TOPIK 2
-여,TOPIK 2
여가,TOPIK 2
여간,TOPIK 2
여건,TOPIK 2
여고,TOPIK 2
여관,TOPIK 2
여기다,TOPIK 2
여덟째,TOPIK 2
여드름,TOPIK 2
여럿,TOPIK 2
여름철,TOPIK 2
여름휴가,TOPIK 2
여보,TOPIK 2
여부,TOPIK 2
여섯째,TOPIK 2
여유,TOPIK 2
여유롭다,TOPIK 2
여인,TOPIK 2
여전히,TOPIK 2
여쭈다,TOPIK 2
여행가,TOPIK 2
역사가,TOPIK 2
역사상,TOPIK 2
역사적,TOPIK 2
역할,TOPIK 2
엮다,TOPIK 2
연,TOPIK 2
연간,TOPIK 2
연고,TOPIK 2
연관,TOPIK 2
연구,TOPIK 2
연구소,TOPIK 2
연구실,TOPIK 2
연구원,TOPIK 2
연구자,TOPIK 2
연기,TOPIK 2
연기자,TOPIK 2
연도,TOPIK 2
연두색,TOPIK 2
연령,TOPIK 2
연못,TOPIK 2
연봉,TOPIK 2
연설,TOPIK 2
연속,TOPIK 2
연애,TOPIK 2
연인,TOPIK 2
연장,TOPIK 2
연주,TOPIK 2
연주회,TOPIK 2
연체,TOPIK 2
연체료,TOPIK 2
연출,TOPIK 2
연탄,TOPIK 2
연하다,TOPIK 2
연합,TOPIK 2
열기,TOPIK 2
열리다,TOPIK 1
열매,TOPIK 2
열쇠고리,TOPIK 2
열정,TOPIK 2
열중,TOPIK 2
열째,TOPIK 2
염색,TOPIK 2
엿보다,TOPIK 2
영,TOPIK 1
영리하다,TOPIK 2
영상,TOPIK 2
영양,TOPIK 2
영양제,TOPIK 2
영업,TOPIK 2
영역,TOPIK 2
영웅,TOPIK 2
영원,TOPIK 2
영원히,TOPIK 2
영향,TOPIK 2
영향력,TOPIK 2
영혼,TOPIK 2
영화감독,TOPIK 2
예,TOPIK 1
예감,TOPIK 2
예고,TOPIK 2
예금,TOPIK 2
예방,TOPIK 2
예보,TOPIK 2
예비,TOPIK 2
예산,TOPIK 2
예상,TOPIK 2
예선,TOPIK 2
예술가,TOPIK 2
예술적,TOPIK 2
예식장,TOPIK 2
예외,TOPIK 2
예의,TOPIK 2
예절,TOPIK 2
예정,TOPIK 2
예측,TOPIK 2
예컨대,TOPIK 2
옛날이야기,TOPIK 2
오,TOPIK 1
오가다,TOPIK 2
오늘날,TOPIK 2
오락,TOPIK 2
오락실,TOPIK 2
오래도록,TOPIK 2
오래오래,TOPIK 2
오랜,TOPIK 2
오로지,TOPIK 2
오르내리다,TOPIK 2
오른발,TOPIK 2
오른편,TOPIK 2
오리,TOPIK 2
오염,TOPIK 2
오직,TOPIK 2
오징어,TOPIK 2
오토바이,TOPIK 2
오페라,TOPIK 2
오피스텔,TOPIK 2
오해,TOPIK 2
오히려,TOPIK 2
옥수수,TOPIK 2
온,TOPIK 2
온갖,TOPIK 2
온라인,TOPIK 2
온몸,TOPIK 2
온종일,TOPIK 2
온천,TOPIK 2
온통,TOPIK 2
올,TOPIK 2
올라서다,TOPIK 2
올라타다,TOPIK 2
올려놓다,TOPIK 2
올려다보다,TOPIK 2
올바르다,TOPIK 2
올여름,TOPIK 2
옮기다,TOPIK 2
옷차림,TOPIK 2
와인,TOPIK 2
완벽,TOPIK 2
완성,TOPIK 2
완전,TOPIK 2
왕복,TOPIK 2
왠지,TOPIK 2
외,TOPIK 2
외가,TOPIK 2
외갓집,TOPIK 2
외과,TOPIK 2
외교,TOPIK 2
외교관,TOPIK 2
외로움,TOPIK 2
외면,TOPIK 2
외모,TOPIK 2
외박,TOPIK 2
외부,TOPIK 2
외삼촌,TOPIK 2
외숙모,TOPIK 2
외식,TOPIK 2
외아들,TOPIK 2
외출복,TOPIK 2
외치다,TOPIK 2
외투,TOPIK 2
외할머니,TOPIK 2
외할아버지,TOPIK 2
왼발,TOPIK 2
왼편,TOPIK 2
요,TOPIK 2
요가,TOPIK 2
요구,TOPIK 2
요구르트,TOPIK 2
요리법,TOPIK 2
요새,TOPIK 2
요소,TOPIK 2
요약,TOPIK 2
요인,TOPIK 2
요즈음,TOPIK 2
요청,TOPIK 2
욕,TOPIK 2
욕망,TOPIK 2
욕실,TOPIK 2
욕심,TOPIK 2
용,TOPIK 2
-용,TOPIK 2
용감하다,TOPIK 2
용건,TOPIK 2
용기,TOPIK 2
용도,TOPIK 2
용돈,TOPIK 2
용서,TOPIK 2
용어,TOPIK 2
용품,TOPIK 2
우기다,TOPIK 2
우려,TOPIK 2
우물,TOPIK 2
우선,TOPIK 1
우수,TOPIK 2
우습다,TOPIK 2
우승,TOPIK 2
우아하다,TOPIK 2
우연,TOPIK 2
우연히,TOPIK 2
우울,TOPIK 2
우정,TOPIK 2
우주,TOPIK 2
우체통,TOPIK 2
우측,TOPIK 2
우편,TOPIK 2
우편물,TOPIK 2
우편함,TOPIK 2
우회전,TOPIK 2
운,TOPIK 2
운동량,TOPIK 2
운동선수,TOPIK 2
운명,TOPIK 2
운반,TOPIK 2
운영,TOPIK 2
운전기사,TOPIK 2
운전면허,TOPIK 2
운행,TOPIK 2
울리다,TOPIK 2
울음소리,TOPIK 2
움직임,TOPIK 2
웃기다,TOPIK 2
웃어른,TOPIK 2
웃음소리,TOPIK 2
워낙,TOPIK 2
원,TOPIK 1
-원,TOPIK 2
원래,TOPIK 2
원룸,TOPIK 2
원리,TOPIK 2
원만하다,TOPIK 2
원서,TOPIK 2
원숭이,TOPIK 2
원인,TOPIK 2
원칙,TOPIK 2
월,TOPIK 1
월드컵,TOPIK 2
월말,TOPIK 2
월세,TOPIK 2
웬,TOPIK 2
웬만하다,TOPIK 2
웬일,TOPIK 2
위,TOPIK 1
위기,TOPIK 2
위대하다,TOPIK 2
위로,TOPIK 2
위반,TOPIK 2
위아래,TOPIK 2
위원회,TOPIK 2
위층,TOPIK 2
위하다,TOPIK 2
위험성,TOPIK 2
위협,TOPIK 2
윗글,TOPIK 2
윗사람,TOPIK 2
유교,TOPIK 2
유난히,TOPIK 2
유능,TOPIK 2
유도,TOPIK 2
유람선,TOPIK 2
유럽,TOPIK 2
유료,TOPIK 2
유리,TOPIK 1
유리창,TOPIK 2
유머,TOPIK 2
유물,TOPIK 2
유산,TOPIK 2
유일,TOPIK 2
유적,TOPIK 2
유적지,TOPIK 2
유지,TOPIK 2
유창하다,TOPIK 2
유치하다,TOPIK 2
유쾌,TOPIK 2
유통,TOPIK 2
유형,TOPIK 2
유혹,TOPIK 2
육군,TOPIK 2
육지,TOPIK 2
육체,TOPIK 2
육체적,TOPIK 2
-율,TOPIK 2
으악,TOPIK 2
은,TOPIK 2
은혜,TOPIK 2
음력,TOPIK 2
음반,TOPIK 2
음성,TOPIK 2
음식물,TOPIK 2
음악회,TOPIK 2
음주,TOPIK 2
응급실,TOPIK 2
응답,TOPIK 2
응시,TOPIK 2
응원,TOPIK 2
의견,TOPIK 2
의논,TOPIK 2
의도,TOPIK 2
의류,TOPIK 2
의무,TOPIK 2
의무적,TOPIK 2
의문,TOPIK 2
의복,TOPIK 2
의사,TOPIK 1
의상,TOPIK 2
의식,TOPIK 2
의심,TOPIK 2
의외,TOPIK 2
의욕,TOPIK 2
의존,TOPIK 2
의지,TOPIK 2
-이,TOPIK 2
이곳저곳,TOPIK 2
이국적,TOPIK 2
이기적,TOPIK 2
이끌다,TOPIK 2
이내,TOPIK 2
이념,TOPIK 2
이달,TOPIK 2
이대로,TOPIK 2
이동,TOPIK 2
이따,TOPIK 2
이래서,TOPIK 2
이러다,TOPIK 2
이런저런,TOPIK 2
이력서,TOPIK 2
이론,TOPIK 2
이롭다,TOPIK 2
이루다,TOPIK 2
이루어지다,TOPIK 2
이룩하다,TOPIK 2
이르다,TOPIK 1
이른바,TOPIK 2
이름표,TOPIK 2
이리,TOPIK 2
이리저리,TOPIK 2
이만,TOPIK 2
이만큼,TOPIK 2
이메일,TOPIK 2
이미지,TOPIK 2
이민,TOPIK 2
이발,TOPIK 2
이벤트,TOPIK 2
이별,TOPIK 2
이비인후과,TOPIK 2
이상적,TOPIK 2
이성,TOPIK 2
이어,TOPIK 2
이어지다,TOPIK 2
이왕,TOPIK 2
이외,TOPIK 2
이용자,TOPIK 2
이웃집,TOPIK 2
이윽고,TOPIK 2
이익,TOPIK 2
이자,TOPIK 2
이전,TOPIK 1
이제야,TOPIK 2
이튿날,TOPIK 2
이하,TOPIK 2
이해관계,TOPIK 2
이해력,TOPIK 2
이혼,TOPIK 2
익다,TOPIK 1
익히다,TOPIK 2
인간,TOPIK 2
인간관계,TOPIK 2
인간성,TOPIK 2
인간적,TOPIK 2
인격,TOPIK 2
인공,TOPIK 2
인구,TOPIK 2
인도,TOPIK 2
인력,TOPIK 2
인류,TOPIK 2
인물,TOPIK 2
인삼차,TOPIK 2
인상,TOPIK 2
인상적,TOPIK 2
인생,TOPIK 2
인쇄,TOPIK 2
인쇄물,TOPIK 2
인스턴트,TOPIK 2
인식,TOPIK 2
인심,TOPIK 2
인연,TOPIK 2
인용,TOPIK 2
인원,TOPIK 2
인재,TOPIK 2
인정,TOPIK 2
인체,TOPIK 2
인터뷰,TOPIK 2
인하,TOPIK 2
인하다,TOPIK 2
일,TOPIK 1
일곱째,TOPIK 2
일교차,TOPIK 2
일단,TOPIK 2
일대,TOPIK 2
일등,TOPIK 2
일반,TOPIK 2
일반인,TOPIK 2
일반적,TOPIK 2
일본어,TOPIK 2
일본인,TOPIK 2
일부러,TOPIK 2
일부분,TOPIK 2
일상,TOPIK 2
일상생활,TOPIK 2
일상적,TOPIK 2
일생,TOPIK 2
일석이조,TOPIK 2
일손,TOPIK 2
일시,TOPIK 2
일시불,TOPIK 2
일시적,TOPIK 2
일쑤,TOPIK 2
일어,TOPIK 2
일으키다,TOPIK 2
일일이,TOPIK 2
일자리,TOPIK 2
일정,TOPIK 2
일정표,TOPIK 2
일종,TOPIK 2
일찍이,TOPIK 2
일체,TOPIK 2
일출,TOPIK 2
일치,TOPIK 2
일행,TOPIK 2
일회용,TOPIK 2
일회용품,TOPIK 2
읽기,TOPIK 2
읽히다,TOPIK 2
임금,TOPIK 2
임무,TOPIK 2
임시,TOPIK 2
임신,TOPIK 2
입국,TOPIK 2
입금,TOPIK 2
입대,TOPIK 2
입력,TOPIK 2
입맛,TOPIK 2
입사,TOPIK 2
입시,TOPIK 2
입장,TOPIK 2
입장료,TOPIK 2
입학식,TOPIK 2
입히다,TOPIK 2
잇다,TOPIK 2
잇따르다,TOPIK 2
잊히다,TOPIK 2
자,TOPIK 2
-자,TOPIK 2
자가용,TOPIK 2
자격,TOPIK 2
자격증,TOPIK 2
자극,TOPIK 2
자기,TOPIK 2
자꾸만,TOPIK 2
자녀,TOPIK 2
자동,TOPIK 2
자라나다,TOPIK 2
자랑스럽다,TOPIK 2
자료,TOPIK 2
자리,TOPIK 1
자막,TOPIK 2
자매,TOPIK 2
자본,TOPIK 2
자부심,TOPIK 2
자살,TOPIK 2
자세,TOPIK 2
자세하다,TOPIK 2
자신,TOPIK 1
자신감,TOPIK 2
자연스럽다,TOPIK 2
자연적,TOPIK 2
자연환경,TOPIK 2
자연히,TOPIK 2
자원,TOPIK 2
자유롭다,TOPIK 2
자존심,TOPIK 2
자주색,TOPIK 2
자취,TOPIK 2
작가,TOPIK 2
작곡,TOPIK 2
작곡가,TOPIK 2
작동,TOPIK 2
작문,TOPIK 2
작성,TOPIK 2
작업,TOPIK 2
작용,TOPIK 2
작은아버지,TOPIK 2
작은어머니,TOPIK 2
작은집,TOPIK 2
작전,TOPIK 2
작품,TOPIK 2
잔돈,TOPIK 2
잔디밭,TOPIK 2
잔뜩,TOPIK 2
잔소리,TOPIK 2
잔액,TOPIK 2
잘나다,TOPIK 2
잘리다,TOPIK 2
잘살다,TOPIK 2
잠그다,TOPIK 2
잠기다,TOPIK 2
잠들다,TOPIK 2
잠옷,TOPIK 2
잠자리,TOPIK 2
잡아당기다,TOPIK 2
잡아먹다,TOPIK 2
잡히다,TOPIK 2
-장,TOPIK 2
장가,TOPIK 2
장관,TOPIK 2
장기간,TOPIK 2
장기적,TOPIK 2
장난,TOPIK 2
장남,TOPIK 2
장단점,TOPIK 2
장래,TOPIK 2
장례식,TOPIK 2
장르,TOPIK 2
장마철,TOPIK 2
장면,TOPIK 2
장모,TOPIK 2
장미꽃,TOPIK 2
장사,TOPIK 2
장수,TOPIK 2
장식,TOPIK 2
장애,TOPIK 2
장애인,TOPIK 2
장인,TOPIK 2
장점,TOPIK 2
장하다,TOPIK 2
장학,TOPIK 2
장학금,TOPIK 2
재-,TOPIK 2
재능,TOPIK 2
재다,TOPIK 2
재떨이,TOPIK 2
재빨리,TOPIK 2
재산,TOPIK 2
재생,TOPIK 2
재수,TOPIK 2
재우다,TOPIK 2
재작년,TOPIK 2
재주,TOPIK 2
재킷,TOPIK 2
재판,TOPIK 2
재학,TOPIK 2
재학생,TOPIK 2
재활용,TOPIK 2
재활용품,TOPIK 2
잼,TOPIK 2
쟤,TOPIK 2
저-,TOPIK 2
저급,TOPIK 2
저기,TOPIK 1
저녁때,TOPIK 2
저러다,TOPIK 2
저렴하다,TOPIK 2
저리,TOPIK 2
저마다,TOPIK 2
저만큼,TOPIK 2
저울,TOPIK 2
저자,TOPIK 2
저장,TOPIK 2
저절로,TOPIK 2
저지르다,TOPIK 2
저축,TOPIK 2
적,TOPIK 2
-적,TOPIK 2
적극,TOPIK 2
적극적,TOPIK 2
적당히,TOPIK 2
적성,TOPIK 2
적어도,TOPIK 2
적어지다,TOPIK 2
적용,TOPIK 2
적응,TOPIK 2
적자,TOPIK 2
적절하다,TOPIK 2
적히다,TOPIK 2
전개,TOPIK 2
전국,TOPIK 2
전국적,TOPIK 2
전날,TOPIK 2
전달,TOPIK 2
전망,TOPIK 2
전문,TOPIK 2
전문가,TOPIK 2
전문적,TOPIK 2
전문점,TOPIK 2
전문직,TOPIK 2
전설,TOPIK 2
전세,TOPIK 2
전시,TOPIK 2
전시장,TOPIK 2
전시회,TOPIK 2
전용,TOPIK 2
전원,TOPIK 2
전자,TOPIK 2
전자레인지,TOPIK 2
전자사전,TOPIK 2
전쟁,TOPIK 2
전제,TOPIK 2
전체적,TOPIK 2
전통,TOPIK 2
전통적,TOPIK 2
전후,TOPIK 2
절,TOPIK 2
절,TOPIK 2
절대,TOPIK 2
절대로,TOPIK 2
절대적,TOPIK 2
절망,TOPIK 2
절반,TOPIK 2
절약,TOPIK 2
절차,TOPIK 2
젊은이,TOPIK 2
젊음,TOPIK 2
점,TOPIK 2
-점,TOPIK 2
점검,TOPIK 2
점원,TOPIK 2
점잖다,TOPIK 2
점차,TOPIK 2
점퍼,TOPIK 2
접근,TOPIK 2
접속,TOPIK 2
접수,TOPIK 2
접어들다,TOPIK 2
접촉,TOPIK 2
접하다,TOPIK 2
젓다,TOPIK 2
정,TOPIK 2
정기,TOPIK 2
정기적,TOPIK 2
정답,TOPIK 2
정당,TOPIK 2
정말로,TOPIK 2
정면,TOPIK 2
정반대,TOPIK 2
정보,TOPIK 2
정보화,TOPIK 2
정부,TOPIK 2
정상,TOPIK 2
정상적,TOPIK 2
정성,TOPIK 2
정수기,TOPIK 2
정식,TOPIK 2
정신,TOPIK 2
정신없다,TOPIK 2
정신적,TOPIK 2
정오,TOPIK 2
정원,TOPIK 1
정육점,TOPIK 2
정의,TOPIK 2
정작,TOPIK 2
정장,TOPIK 2
정지,TOPIK 2
정직,TOPIK 2
정착,TOPIK 2
정책,TOPIK 2
정치,TOPIK 2
정치인,TOPIK 2
정치적,TOPIK 2
정확히,TOPIK 2
젖,TOPIK 2
-제,TOPIK 2
제-,TOPIK 2
제,TOPIK 1
제거,TOPIK 2
제공,TOPIK 2
제과점,TOPIK 2
제대로,TOPIK 2
제도,TOPIK 2
제때,TOPIK 2
제발,TOPIK 2
제법,TOPIK 2
제사,TOPIK 2
제시,TOPIK 2
제시간,TOPIK 2
제안,TOPIK 2
제약,TOPIK 2
제외,TOPIK 2
제자,TOPIK 2
제자리,TOPIK 2
제작,TOPIK 2
제출,TOPIK 2
제품,TOPIK 2
제한,TOPIK 2
조,TOPIK 2
조각,TOPIK 2
조건,TOPIK 2
조그맣다,TOPIK 2
조기,TOPIK 2
조깅,TOPIK 2
조끼,TOPIK 2
조르다,TOPIK 2
조리,TOPIK 2
조림,TOPIK 2
조명,TOPIK 2
조미료,TOPIK 2
조사,TOPIK 2
조상,TOPIK 2
조심스럽다,TOPIK 2
조언,TOPIK 2
조작,TOPIK 2
조절,TOPIK 2
조정,TOPIK 2
조화,TOPIK 2
존경,TOPIK 2
존재,TOPIK 2
존중,TOPIK 2
졸리다,TOPIK 2
졸업생,TOPIK 2
졸업식,TOPIK 2
졸음,TOPIK 2
좀처럼,TOPIK 2
좁히다,TOPIK 2
종교,TOPIK 2
종교적,TOPIK 2
종아리,TOPIK 2
종이컵,TOPIK 2
종일,TOPIK 2
종종,TOPIK 2
종합,TOPIK 2
좌석,TOPIK 2
좌우,TOPIK 2
좌측,TOPIK 2
좌회전,TOPIK 2
죄,TOPIK 2
주간,TOPIK 2
주고받다,TOPIK 2
주관적,TOPIK 2
주름,TOPIK 2
주먹,TOPIK 2
주목,TOPIK 2
주민,TOPIK 2
주방,TOPIK 2
주식,TOPIK 2
주어지다,TOPIK 2
주요,TOPIK 2
주유소,TOPIK 2
주의,TOPIK 2
주인공,TOPIK 2
주장,TOPIK 2
주저앉다,TOPIK 2
주전자,TOPIK 2
주제,TOPIK 2
주차권,TOPIK 2
주차료,TOPIK 2
주택,TOPIK 2
죽,TOPIK 2
죽음,TOPIK 2
죽이다,TOPIK 2
준비물,TOPIK 2
줄거리,TOPIK 2
줄곧,TOPIK 2
줄기,TOPIK 2
줄넘기,TOPIK 2
줄무늬,TOPIK 2
줄어들다,TOPIK 2
중,TOPIK 2
중고,TOPIK 2
중고차,TOPIK 2
중고품,TOPIK 2
중국어,TOPIK 2
중국인,TOPIK 2
중급,TOPIK 2
중단,TOPIK 2
중독,TOPIK 2
중반,TOPIK 2
중부,TOPIK 2
중소기업,TOPIK 2
중순,TOPIK 2
중식,TOPIK 2
중심지,TOPIK 2
중얼거리다,TOPIK 2
중요성,TOPIK 2
중형차,TOPIK 2
쥐,TOPIK 2
쥐다,TOPIK 2
즉,TOPIK 2
즉석,TOPIK 2
즉시,TOPIK 2
즐거움,TOPIK 2
증가,TOPIK 2
증거,TOPIK 2
증명,TOPIK 2
증명서,TOPIK 2
증상,TOPIK 2
증세,TOPIK 2
지각,TOPIK 1
지겹다,TOPIK 2
지구,TOPIK 2
지극히,TOPIK 2
지금껏,TOPIK 2
지급,TOPIK 2
지나치다,TOPIK 2
지난날,TOPIK 2
지능,TOPIK 2
지니다,TOPIK 2
지다,TOPIK 1
지도,TOPIK 1
지도자,TOPIK 2
지름길,TOPIK 2
지방,TOPIK 1
지불,TOPIK 2
지붕,TOPIK 2
지시,TOPIK 2
지식,TOPIK 2
지식인,TOPIK 2
지역,TOPIK 2
지옥,TOPIK 2
지원,TOPIK 2
지위,TOPIK 2
지저분하다,TOPIK 2
지적,TOPIK 2
지정,TOPIK 2
지진,TOPIK 2
지출,TOPIK 2
지치다,TOPIK 2
지켜보다,TOPIK 2
지퍼,TOPIK 2
지폐,TOPIK 2
지하실,TOPIK 2
지혜,TOPIK 2
지혜롭다,TOPIK 2
직선,TOPIK 2
직장인,TOPIK 2
직접적,TOPIK 2
직진,TOPIK 2
직후,TOPIK 2
진단,TOPIK 2
진단서,TOPIK 2
진동,TOPIK 2
진로,TOPIK 2
진리,TOPIK 2
진술,TOPIK 2
진실,TOPIK 2
진심,TOPIK 2
진정하다,TOPIK 2
진지하다,TOPIK 2
진찰,TOPIK 2
진출,TOPIK 2
진통제,TOPIK 2
진학,TOPIK 2
진행,TOPIK 2
진행자,TOPIK 2
질,TOPIK 2
-질,TOPIK 2
질병,TOPIK 2
질서,TOPIK 2
질투,TOPIK 2
짐승,TOPIK 2
짐작,TOPIK 2
집다,TOPIK 2
집단,TOPIK 2
집세,TOPIK 2
집안,TOPIK 2
집어넣다,TOPIK 2
집중,TOPIK 2
집중적,TOPIK 2
짓,TOPIK 2
짖다,TOPIK 2
짙다,TOPIK 2
짚다,TOPIK 2
짜다,TOPIK 1
-짜리,TOPIK 2
짜증스럽다,TOPIK 2
짝수,TOPIK 2
짠맛,TOPIK 2
-째,TOPIK 2
쪽,TOPIK 1
쫓겨나다,TOPIK 2
쫓기다,TOPIK 2
쫓다,TOPIK 2
쫓아가다,TOPIK 2
쫓아내다,TOPIK 2
쫓아다니다,TOPIK 2
쫓아오다,TOPIK 2
쭉,TOPIK 2
-쯤,TOPIK 2
찌르다,TOPIK 2
찌푸리다,TOPIK 2
찍다,TOPIK 1
찍히다,TOPIK 2
찜질,TOPIK 2
찡그리다,TOPIK 2
찢다,TOPIK 2
찢어지다,TOPIK 2
차도,TOPIK 2
차라리,TOPIK 2
차량,TOPIK 2
차로,TOPIK 2
차리다,TOPIK 2
차림표,TOPIK 2
차마,TOPIK 2
차별,TOPIK 2
차비,TOPIK 2
차선,TOPIK 2
차원,TOPIK 2
차이,TOPIK 2
차이점,TOPIK 2
차차,TOPIK 2
차창,TOPIK 2
차츰,TOPIK 2
착각,TOPIK 2
찬성,TOPIK 2
참가,TOPIK 2
참고,TOPIK 2
참기름,TOPIK 2
참석,TOPIK 2
참석자,TOPIK 2
참여,TOPIK 2
참으로,TOPIK 2
참조,TOPIK 2
창,TOPIK 2
창가,TOPIK 2
창고,TOPIK 2
창구,TOPIK 2
창밖,TOPIK 2
창작,TOPIK 2
창조,TOPIK 2
창피,TOPIK 2
찾아내다,TOPIK 2
찾아다니다,TOPIK 2
찾아뵙다,TOPIK 2
채널,TOPIK 2
채우다,TOPIK 2
채택,TOPIK 2
책가방,TOPIK 2
책임,TOPIK 2
책임감,TOPIK 2
책임자,TOPIK 2
책임지다,TOPIK 2
챔피언,TOPIK 2
챙기다,TOPIK 2
처녀,TOPIK 2
처리,TOPIK 2
처방,TOPIK 2
처방전,TOPIK 2
처벌,TOPIK 2
처하다,TOPIK 2
천국,TOPIK 2
천둥,TOPIK 2
천사,TOPIK 2
천장,TOPIK 2
천재,TOPIK 2
천주교,TOPIK 2
철,TOPIK 2
철,TOPIK 2
철도,TOPIK 2
철저히,TOPIK 2
첨부,TOPIK 2
첫눈,TOPIK 2
첫사랑,TOPIK 2
첫인상,TOPIK 2
청구서,TOPIK 2
청소기,TOPIK 2
청하다,TOPIK 2
청혼,TOPIK 2
체계,TOPIK 2
체력,TOPIK 2
체면,TOPIK 2
체온,TOPIK 2
체조,TOPIK 2
체중,TOPIK 2
체하다,TOPIK 2
체험,TOPIK 2
초-,TOPIK 2
초가을,TOPIK 2
초겨울,TOPIK 2
초급,TOPIK 2
초기,TOPIK 2
초록,TOPIK 2
초반,TOPIK 2
초보,TOPIK 2
초보자,TOPIK 2
초봄,TOPIK 2
초승달,TOPIK 2
초여름,TOPIK 2
초저녁,TOPIK 2
초점,TOPIK 2
초조,TOPIK 2
초청,TOPIK 2
초청장,TOPIK 2
촌스럽다,TOPIK 2
총,TOPIK 2
총,TOPIK 2
총리,TOPIK 2
촬영,TOPIK 2
최고급,TOPIK 2
최대,TOPIK 2
최대한,TOPIK 2
최선,TOPIK 2
최소,TOPIK 2
최소한,TOPIK 2
최신,TOPIK 2
최저,TOPIK 2
최종,TOPIK 2
최초,TOPIK 2
추가,TOPIK 2
추억,TOPIK 2
추위,TOPIK 2
추진,TOPIK 2
추천,TOPIK 2
추천서,TOPIK 2
추측,TOPIK 2
축구장,TOPIK 2
축소,TOPIK 2
축제,TOPIK 2
출국,TOPIK 2
출근길,TOPIK 2
출산,TOPIK 2
출신,TOPIK 2
출연,TOPIK 2
출판,TOPIK 2
출현,TOPIK 2
충격,TOPIK 2
충격적,TOPIK 2
충고,TOPIK 2
충돌,TOPIK 2
충분히,TOPIK 2
취업,TOPIK 2
취업난,TOPIK 2
취재,TOPIK 2
취하다,TOPIK 2
취향,TOPIK 2
측,TOPIK 2
측면,TOPIK 2
치다,TOPIK 1
치료법,TOPIK 2
치료제,TOPIK 2
치르다,TOPIK 2
치수,TOPIK 2
치우다,TOPIK 2
치즈,TOPIK 2
친-,TOPIK 2
친딸,TOPIK 2
친아들,TOPIK 2
친아버지,TOPIK 2
친어머니,TOPIK 2
친언니,TOPIK 2
친오빠,TOPIK 2
친정,TOPIK 2
침,TOPIK 2
침묵,TOPIK 2
칸,TOPIK 2
캄캄하다,TOPIK 2
캠페인,TOPIK 2
커다랗다,TOPIK 2
커지다,TOPIK 2
커트,TOPIK 2
커튼,TOPIK 2
코너,TOPIK 2
코미디,TOPIK 2
코스,TOPIK 2
코트,TOPIK 2
코피,TOPIK 2
콘도,TOPIK 2
콜록콜록,TOPIK 2
콧노래,TOPIK 2
콩나물,TOPIK 2
쾌적하다,TOPIK 2
쿠폰,TOPIK 2
쿨쿨,TOPIK 2
쿵,TOPIK 2
크림,TOPIK 2
큰길,TOPIK 2
큰돈,TOPIK 2
큰딸,TOPIK 2
큰아들,TOPIK 2
큰아버지,TOPIK 2
큰어머니,TOPIK 2
큰일,TOPIK 2
큰집,TOPIK 2
클래식,TOPIK 2
클럽,TOPIK 2
키,TOPIK 1
키스,TOPIK 2
타고나다,TOPIK 2
타다,TOPIK 1
타오르다,TOPIK 2
타인,TOPIK 2
탁자,TOPIK 2
탄생,TOPIK 2
탈출,TOPIK 2
탑,TOPIK 2
탑승,TOPIK 2
탑승객,TOPIK 2
태양,TOPIK 2
태우다,TOPIK 2
택하다,TOPIK 2
탤런트,TOPIK 2
터널,TOPIK 2
터뜨리다,TOPIK 2
터지다,TOPIK 2
턱,TOPIK 2
털,TOPIK 2
털다,TOPIK 2
텅,TOPIK 2
테스트,TOPIK 2
테이프,TOPIK 2
토,TOPIK 2
토론,TOPIK 2
토의,TOPIK 2
토하다,TOPIK 2
통,TOPIK 2
통계,TOPIK 2
통과,TOPIK 2
통신,TOPIK 2
통역,TOPIK 2
통일,TOPIK 2
통증,TOPIK 2
통통하다,TOPIK 2
통하다,TOPIK 2
통행,TOPIK 2
퇴직,TOPIK 2
투자,TOPIK 2
투표,TOPIK 2
특기,TOPIK 2
특성,TOPIK 2
특수,TOPIK 2
특정,TOPIK 2
특징,TOPIK 2
틀림없다,TOPIK 2
틀림없이,TOPIK 2
틈,TOPIK 2
틈틈이,TOPIK 2
파,TOPIK 2
파괴,TOPIK 2
파다,TOPIK 2
파도,TOPIK 2
파랑,TOPIK 2
파마,TOPIK 2
파일,TOPIK 2
파출소,TOPIK 2
파트너,TOPIK 2
판단,TOPIK 2
판매,TOPIK 2
판매자,TOPIK 2
판사,TOPIK 2
팔꿈치,TOPIK 2
패션,TOPIK 2
패스트푸드,TOPIK 2
팬,TOPIK 2
팬티,TOPIK 2
퍼센트,TOPIK 2
퍼지다,TOPIK 2
퍽,TOPIK 2
페이지,TOPIK 2
펴내다,TOPIK 2
편,TOPIK 2
편견,TOPIK 2
편식,TOPIK 2
편의,TOPIK 2
편히,TOPIK 2
펼쳐지다,TOPIK 2
펼치다,TOPIK 2
평,TOPIK 2
평가,TOPIK 2
평균,TOPIK 2
평등,TOPIK 2
평범하다,TOPIK 2
평상시,TOPIK 2
평생,TOPIK 2
평화,TOPIK 2
평화롭다,TOPIK 2
폐지,TOPIK 2
포근하다,TOPIK 2
포기,TOPIK 2
포도주,TOPIK 2
포장지,TOPIK 2
포크,TOPIK 2
포함,TOPIK 2
폭넓다,TOPIK 2
폭력,TOPIK 2
폭발,TOPIK 2
폭설,TOPIK 2
폭우,TOPIK 2
폭포,TOPIK 2
표,TOPIK 1
표면,TOPIK 2
표시,TOPIK 2
표정,TOPIK 2
표준,TOPIK 2
표준어,TOPIK 2
표지,TOPIK 2
표지판,TOPIK 2
표현,TOPIK 2
푸다,TOPIK 2
풀,TOPIK 2
풀리다,TOPIK 2
풀어지다,TOPIK 2
품,TOPIK 2
-품,TOPIK 2
품다,TOPIK 2
품질,TOPIK 2
풍기다,TOPIK 2
풍부하다,TOPIK 2
풍선,TOPIK 2
풍속,TOPIK 2
풍습,TOPIK 2
프로,TOPIK 2
프린터,TOPIK 2
플라스틱,TOPIK 2
피로,TOPIK 2
피부,TOPIK 2
피부병,TOPIK 2
피서,TOPIK 2
피하다,TOPIK 2
피해,TOPIK 2
피해자,TOPIK 2
필기,TOPIK 2
필수,TOPIK 2
필수적,TOPIK 2
필수품,TOPIK 2
필요성,TOPIK 2
핑계,TOPIK 2
하,TOPIK 2
하긴,TOPIK 2
하나하나,TOPIK 2
하느님,TOPIK 2
하도,TOPIK 2
하숙,TOPIK 2
하양,TOPIK 2
하여튼,TOPIK 2
하차,TOPIK 2
하품,TOPIK 2
하하,TOPIK 2
-학,TOPIK 2
학과,TOPIK 2
학력,TOPIK 2
학문,TOPIK 2
학부모,TOPIK 2
학비,TOPIK 2
학습,TOPIK 2
학용품,TOPIK 2
학자,TOPIK 2
한,TOPIK 1
한,TOPIK 1
한가운데,TOPIK 2
한겨울,TOPIK 2
한결,TOPIK 2
한계,TOPIK 2
한국말,TOPIK 2
한국어,TOPIK 2
한국인,TOPIK 2
한국적,TOPIK 2
한꺼번에,TOPIK 2
한낮,TOPIK 2
한눈,TOPIK 2
한동안,TOPIK 2
한둘,TOPIK 2
한때,TOPIK 2
한마디,TOPIK 2
한문,TOPIK 2
한밤중,TOPIK 2
한순간,TOPIK 2
한숨,TOPIK 2
한여름,TOPIK 2
한자,TOPIK 2
한쪽,TOPIK 2
한참,TOPIK 2
한창,TOPIK 2
한층,TOPIK 2
한편,TOPIK 2
할부,TOPIK 2
할인점,TOPIK 2
함부로,TOPIK 2
합격,TOPIK 2
합격자,TOPIK 2
합계,TOPIK 2
합리적,TOPIK 2
합의,TOPIK 2
합치다,TOPIK 2
합하다,TOPIK 2
항공료,TOPIK 2
항공편,TOPIK 2
항의,TOPIK 2
해,TOPIK 1
해결,TOPIK 2
해결책,TOPIK 2
해내다,TOPIK 2
해당,TOPIK 2
해돋이,TOPIK 2
해롭다,TOPIK 2
해물,TOPIK 2
해방,TOPIK 2
해변,TOPIK 2
해산물,TOPIK 2
해석,TOPIK 2
해설,TOPIK 2
해소,TOPIK 2
해수욕장,TOPIK 2
해안,TOPIK 2
해치다,TOPIK 2
핵심,TOPIK 2
핸드백,TOPIK 2
햇볕,TOPIK 2
햇살,TOPIK 2
-행,TOPIK 2
행사,TOPIK 1
행사장,TOPIK 2
행운,TOPIK 2
행위,TOPIK 2
행정,TOPIK 2
행하다,TOPIK 2
향,TOPIK 2
향기,TOPIK 2
향상,TOPIK 2
향수,TOPIK 2
향하다,TOPIK 2
허가,TOPIK 2
허락,TOPIK 2
허리띠,TOPIK 2
허벅지,TOPIK 2
허용,TOPIK 2
허허,TOPIK 2
헌,TOPIK 2
험하다,TOPIK 2
헤매다,TOPIK 2
헤아리다,TOPIK 2
헤엄치다,TOPIK 2
현관,TOPIK 2
현대,TOPIK 2
현대인,TOPIK 2
현대적,TOPIK 2
현상,TOPIK 2
현실,TOPIK 2
현실적,TOPIK 2
현장,TOPIK 2
협력,TOPIK 2
협조,TOPIK 2
-형,TOPIK 2
형님,TOPIK 2
형성,TOPIK 2
형식,TOPIK 2
형태,TOPIK 2
형편,TOPIK 2
혜택,TOPIK 2
호감,TOPIK 2
호기심,TOPIK 2
호두,TOPIK 2
호르몬,TOPIK 2
호박,TOPIK 2
호실,TOPIK 2
호주머니,TOPIK 2
호흡,TOPIK 2
혹은,TOPIK 2
혼나다,TOPIK 2
혼내다,TOPIK 2
홀수,TOPIK 2
홈페이지,TOPIK 2
홍보,TOPIK 2
홍수,TOPIK 2
화,TOPIK 1
-화,TOPIK 2
화면,TOPIK 2
화분,TOPIK 2
화장,TOPIK 2
화장대,TOPIK 2
화장지,TOPIK 2
화재,TOPIK 2
화제,TOPIK 2
화창하다,TOPIK 2
화폐,TOPIK 2
화해,TOPIK 2
확,TOPIK 2
확대,TOPIK 2
확보,TOPIK 2
확산,TOPIK 2
확신,TOPIK 2
확실하다,TOPIK 2
확실히,TOPIK 2
확인,TOPIK 2
확장,TOPIK 2
환경,TOPIK 2
환불,TOPIK 2
환상,TOPIK 2
환상적,TOPIK 2
환승역,TOPIK 2
환영회,TOPIK 2
환율,TOPIK 2
환하다,TOPIK 2
활기,TOPIK 2
활동,TOPIK 2
활동적,TOPIK 2
활발하다,TOPIK 2
활용,TOPIK 2
활짝,TOPIK 2
회,TOPIK 1
회담,TOPIK 2
회복,TOPIK 2
회비,TOPIK 2
회식,TOPIK 2
회의실,TOPIK 2
회장,TOPIK 2
회화,TOPIK 2
횟수,TOPIK 2
효과,TOPIK 2
효과적,TOPIK 2
효도,TOPIK 2
효율적,TOPIK 2
효자,TOPIK 2
후반,TOPIK 2
후보,TOPIK 2
후식,TOPIK 2
후추,TOPIK 2
후회,TOPIK 2
후회스럽다,TOPIK 2
훈련,TOPIK 2
훔치다,TOPIK 2
휴가철,TOPIK 2
휴대,TOPIK 2
휴식,TOPIK 2
휴양지,TOPIK 2
휴학,TOPIK 2
흉내,TOPIK 2
흐름,TOPIK 2
흑백,TOPIK 2
흔들리다,TOPIK 2
흔적,TOPIK 2
흔하다,TOPIK 2
흔히,TOPIK 2
흘러가다,TOPIK 2
흘러나오다,TOPIK 2
흘러내리다,TOPIK 2
흙,TOPIK 2
흡수,TOPIK 2
흥미,TOPIK 2
흥미롭다,TOPIK 2
흥분,TOPIK 2
흩어지다,TOPIK 2
희다,TOPIK 2
희망자,TOPIK 2
희생,TOPIK 2
희생자,TOPIK 2
힘껏,TOPIK 2
힘쓰다,TOPIK 2
힘없이,TOPIK 2
힘차다,TOPIK 2